id,barrio,x,y
96079526,FAVARA,-0.3948401,39.4500522
107926564,FAVARA,-0.3922889,39.4563778
107926591,FAVARA,-0.3957894,39.4561086
107926611,FAVARA,-0.3931535,39.4563201
107926625,FAVARA,-0.3913918,39.4563921
107926633,FAVARA,-0.3907411,39.4563918
112137850,FAVARA,-0.3917311,39.454399
112137857,FAVARA,-0.3913305,39.4549965
112137887,FAVARA,-0.3908936,39.4556422
112597022,FAVARA,-0.3943411,39.450501
116137705,FAVARA,-0.3944998,39.4562168
128296850,FAVARA,-0.3935109,39.4517357
128296894,FAVARA,-0.392197,39.4536885
128296899,FAVARA,-0.3925957,39.4531045
128296937,FAVARA,-0.3931863,39.4522258
254902191,FAVARA,-0.3982859,39.454625
255172065,FAVARA,-0.3972216,39.4554948
255172084,FAVARA,-0.3940114,39.4509853
430294822,FAVARA,-0.3984198,39.4530607
6216350604,FAVARA,-0.3974566,39.4540101
11013720195,FAVARA,-0.3951391,39.4561699
7026776473,FAVARA,-0.396669,39.4556812
29834292,LA PETXINA,-0.3862097,39.4717228
29834297,LA PETXINA,-0.3881979,39.4750696
29834299,LA PETXINA,-0.3899489,39.4774429
30886298,LA PETXINA,-0.3878418,39.4745676
30886300,LA PETXINA,-0.3871722,39.4736246
30886301,LA PETXINA,-0.386615,39.472819
82530017,LA PETXINA,-0.3958736,39.4752073
96028972,LA PETXINA,-0.3920825,39.4699417
104413677,LA PETXINA,-0.3914686,39.4690707
111200255,LA PETXINA,-0.3950543,39.4738956
123789782,LA PETXINA,-0.3900484,39.4693566
129570629,LA PETXINA,-0.3874568,39.4707258
129588870,LA PETXINA,-0.3885155,39.4698702
129607859,LA PETXINA,-0.3930574,39.4712676
130037734,LA PETXINA,-0.3941449,39.4727848
231516827,LA PETXINA,-0.3926914,39.470701
1783289907,LA PETXINA,-0.3894549,39.4768361
3765582864,LA PETXINA,-0.3875302,39.4741176
4890714811,LA PETXINA,-0.3888035,39.4759059
9388742445,LA PETXINA,-0.3945295,39.4733213
10130675121,LA PETXINA,-0.3935203,39.4719103
6783961438,LA PETXINA,-0.3891696,39.476264
69579038,CAMPANAR,-0.3950425,39.4847536
97168106,CAMPANAR,-0.4013559,39.4827484
97168113,CAMPANAR,-0.4014568,39.4834114
97170155,CAMPANAR,-0.4008917,39.4835624
97170158,CAMPANAR,-0.396374,39.485608
107502521,CAMPANAR,-0.4000716,39.4783516
107502525,CAMPANAR,-0.3986263,39.4788072
128249161,CAMPANAR,-0.3907816,39.4861401
128249377,CAMPANAR,-0.3888112,39.4833578
193553217,CAMPANAR,-0.3878895,39.4821121
193553306,CAMPANAR,-0.3870967,39.4809899
193553424,CAMPANAR,-0.3867852,39.4805191
243982707,CAMPANAR,-0.3925476,39.4857253
243982715,CAMPANAR,-0.3935669,39.4853887
243982721,CAMPANAR,-0.3914828,39.4861952
247177596,CAMPANAR,-0.3979515,39.484942
247652383,CAMPANAR,-0.4004318,39.481627
248160249,CAMPANAR,-0.3998422,39.4808198
248160275,CAMPANAR,-0.3995306,39.4803401
248160340,CAMPANAR,-0.3987508,39.4792744
248160498,CAMPANAR,-0.3991947,39.4844053
256627639,CAMPANAR,-0.3997805,39.4773947
256627701,CAMPANAR,-0.399245,39.4761761
316570059,CAMPANAR,-0.3955688,39.4851752
1579374363,CAMPANAR,-0.3994239,39.4784943
11657135664,CAMPANAR,-0.4009662,39.4823809
11661585217,CAMPANAR,-0.3991327,39.4798048
11748417105,CAMPANAR,-0.3875914,39.4816906
1554039307,CAMPANAR,-0.3868082,39.4794404
1554039341,CAMPANAR,-0.3862666,39.4797712
2736281303,CAMPANAR,-0.3983625,39.4751804
2736281306,CAMPANAR,-0.3971357,39.475439
2742863007,CAMPANAR,-0.3890658,39.4786797
2821125777,CAMPANAR,-0.3914133,39.4778857
2821126101,CAMPANAR,-0.390168,39.4782662
10082921154,CAMPANAR,-0.3942367,39.4765542
10940250919,CAMPANAR,-0.3995351,39.4769811
10942342991,CAMPANAR,-0.3879979,39.4839973
10945878700,CAMPANAR,-0.3901813,39.4855574
11663260289,CAMPANAR,-0.400367,39.483778
27747836,MALILLA,-0.3690624,39.4455051
107417865,MALILLA,-0.3730027,39.4529844
107417897,MALILLA,-0.3726611,39.4523352
108538967,MALILLA,-0.3694534,39.4477049
108538988,MALILLA,-0.3691713,39.4470532
110675830,MALILLA,-0.3770971,39.4563055
111132164,MALILLA,-0.379555,39.4553297
113352772,MALILLA,-0.3763906,39.4567249
128309139,MALILLA,-0.3691892,39.4440725
255312125,MALILLA,-0.3690981,39.4448768
430813515,MALILLA,-0.3698536,39.439109
994095280,MALILLA,-0.3747431,39.4552538
1113150373,MALILLA,-0.3711908,39.4502491
1768607869,MALILLA,-0.3735908,39.453668
1768607905,MALILLA,-0.3743897,39.4547542
1827071244,MALILLA,-0.3690966,39.4465486
1827079016,MALILLA,-0.370849,39.4498356
1978467274,MALILLA,-0.380448,39.4549385
2173325981,MALILLA,-0.3754938,39.4566345
8702476511,MALILLA,-0.3699618,39.448489
11362502380,MALILLA,-0.3779922,39.4559368
96078136,PATRAIX,-0.3882819,39.45956
105811181,PATRAIX,-0.3899684,39.4669743
107926558,PATRAIX,-0.3921546,39.45812
108004994,PATRAIX,-0.3901434,39.4565827
108005079,PATRAIX,-0.3912369,39.4572589
108005093,PATRAIX,-0.3928363,39.4587293
108005147,PATRAIX,-0.396577,39.4621448
108005164,PATRAIX,-0.397261,39.4627757
111132052,PATRAIX,-0.3877649,39.4638586
111132077,PATRAIX,-0.3881918,39.4644637
111200291,PATRAIX,-0.3908542,39.4671419
112137698,PATRAIX,-0.3890998,39.458376
112137718,PATRAIX,-0.3893824,39.4579586
112137737,PATRAIX,-0.3885843,39.4591412
112137747,PATRAIX,-0.3896613,39.457545
112137751,PATRAIX,-0.3899247,39.4571382
112184689,PATRAIX,-0.3870173,39.462625
112184696,PATRAIX,-0.3880228,39.4621819
116137860,PATRAIX,-0.3961636,39.4617588
116137864,PATRAIX,-0.3949222,39.4607544
126094014,PATRAIX,-0.3925926,39.467457
231516861,PATRAIX,-0.3885922,39.4650138
231516871,PATRAIX,-0.3890394,39.4655603
254902038,PATRAIX,-0.394494,39.4653865
254902044,PATRAIX,-0.3947952,39.4660804
254902049,PATRAIX,-0.3950105,39.4669237
254902054,PATRAIX,-0.3915267,39.4672651
254902079,PATRAIX,-0.3874471,39.4632266
254902088,PATRAIX,-0.3880803,39.4607999
255007129,PATRAIX,-0.3974347,39.4638632
255007196,PATRAIX,-0.3960522,39.463998
666267994,PATRAIX,-0.3889091,39.4599351
4725061385,PATRAIX,-0.395318,39.46763
8664243236,PATRAIX,-0.3941343,39.4601068
10253640443,PATRAIX,-0.3885249,39.4603318
12413138800,PATRAIX,-0.3876546,39.4617214
25767480,MESTALLA,-0.3648664,39.4736524
60545943,MESTALLA,-0.3642825,39.4739711
60545974,MESTALLA,-0.3587826,39.4756558
69573284,MESTALLA,-0.3531793,39.4756208
69574954,MESTALLA,-0.3592023,39.4747825
69575255,MESTALLA,-0.3526242,39.4751603
69576328,MESTALLA,-0.3582677,39.4767123
69578271,MESTALLA,-0.3552084,39.4761875
84975830,MESTALLA,-0.3585471,39.4761538
84975992,MESTALLA,-0.3626693,39.4738821
84976047,MESTALLA,-0.3608446,39.4733637
84976087,MESTALLA,-0.3633854,39.4740864
84976328,MESTALLA,-0.3616801,39.473602
88429466,MESTALLA,-0.3579197,39.4643806
88429468,MESTALLA,-0.3591937,39.4635967
110317239,MESTALLA,-0.354582,39.4711056
110575287,MESTALLA,-0.3565699,39.4670629
131943240,MESTALLA,-0.3543088,39.4716811
160792591,MESTALLA,-0.3545535,39.4760268
249507401,MESTALLA,-0.3531673,39.4739985
249507432,MESTALLA,-0.3537712,39.4727647
249528514,MESTALLA,-0.3549736,39.4703209
249528556,MESTALLA,-0.3554602,39.469326
249528560,MESTALLA,-0.3556681,39.4689007
250290644,MESTALLA,-0.3567667,39.4664468
250290649,MESTALLA,-0.3575797,39.4649861
3906225999,MESTALLA,-0.3660115,39.4730889
6793531693,MESTALLA,-0.3560483,39.4764334
6857386662,MESTALLA,-0.3572194,39.4657226
297664595,MESTALLA,-0.3614977,39.4668462
297664612,MESTALLA,-0.3606962,39.4654021
297664646,MESTALLA,-0.3600007,39.4636762
297664675,MESTALLA,-0.3639946,39.470541
297664686,MESTALLA,-0.3634783,39.4699388
297664725,MESTALLA,-0.3645011,39.471184
297664738,MESTALLA,-0.3632301,39.4694471
299218289,MESTALLA,-0.3653919,39.4722995
299218299,MESTALLA,-0.3650074,39.4718515
299223405,MESTALLA,-0.3623606,39.4683225
299223788,MESTALLA,-0.3600951,39.4642169
299223822,MESTALLA,-0.3618675,39.4674126
429785059,MESTALLA,-0.3612494,39.4663728
429797987,MESTALLA,-0.3627627,39.4690483
6439875131,MESTALLA,-0.3600169,39.4746512
96079531,L'HORT DE SENABRE,-0.3950205,39.449471
105958148,L'HORT DE SENABRE,-0.392082,39.4476937
105958296,L'HORT DE SENABRE,-0.3888198,39.4556138
105958298,L'HORT DE SENABRE,-0.3872435,39.4548866
105958306,L'HORT DE SENABRE,-0.3885315,39.4530852
105958307,L'HORT DE SENABRE,-0.3887309,39.4521748
105958309,L'HORT DE SENABRE,-0.3889044,39.4513673
105958314,L'HORT DE SENABRE,-0.3893602,39.4492492
105958322,L'HORT DE SENABRE,-0.3896328,39.4479395
112137615,L'HORT DE SENABRE,-0.3895481,39.4560114
112137850,L'HORT DE SENABRE,-0.3917311,39.454399
112137857,L'HORT DE SENABRE,-0.3913305,39.4549965
112137880,L'HORT DE SENABRE,-0.3906517,39.4559985
112597022,L'HORT DE SENABRE,-0.3943411,39.450501
128296850,L'HORT DE SENABRE,-0.3935109,39.4517357
128296874,L'HORT DE SENABRE,-0.3890973,39.4504695
128296894,L'HORT DE SENABRE,-0.392197,39.4536885
128296899,L'HORT DE SENABRE,-0.3925957,39.4531045
128296937,L'HORT DE SENABRE,-0.3931863,39.4522258
255172084,L'HORT DE SENABRE,-0.3940114,39.4509853
255172141,L'HORT DE SENABRE,-0.389246,39.4497774
1876879411,L'HORT DE SENABRE,-0.3946337,39.4500244
7095288982,L'HORT DE SENABRE,-0.3901993,39.4563668
112137799,L'HORT DE SENABRE,-0.3844469,39.4535102
112137801,L'HORT DE SENABRE,-0.3856011,39.453782
112137831,L'HORT DE SENABRE,-0.3864125,39.4543806
255312334,L'HORT DE SENABRE,-0.3959095,39.4482206
255312364,L'HORT DE SENABRE,-0.3959689,39.4475868
255312382,L'HORT DE SENABRE,-0.3927823,39.4476237
255312387,L'HORT DE SENABRE,-0.393902,39.4476047
255312388,L'HORT DE SENABRE,-0.3951726,39.4475647
1225135107,L'HORT DE SENABRE,-0.3875419,39.4529781
3562148919,L'HORT DE SENABRE,-0.3863814,39.4528635
6227708715,L'HORT DE SENABRE,-0.3846222,39.4526499
11862324735,L'HORT DE SENABRE,-0.3902112,39.4478032
96029972,EN CORTS,-0.3752225,39.4572049
107394285,EN CORTS,-0.3674633,39.4550558
107394323,EN CORTS,-0.3682802,39.4546366
107417865,EN CORTS,-0.3730027,39.4529844
107417897,EN CORTS,-0.3726611,39.4523352
108538241,EN CORTS,-0.3711319,39.4523887
111179993,EN CORTS,-0.3739876,39.4576306
111180061,EN CORTS,-0.3714027,39.4587076
112484614,EN CORTS,-0.3682015,39.4575966
112484679,EN CORTS,-0.3683929,39.4580386
112484688,EN CORTS,-0.3688667,39.4588375
112484740,EN CORTS,-0.36928,39.4596134
863514063,EN CORTS,-0.3715235,39.4513932
994095156,EN CORTS,-0.3727251,39.4581434
994095280,EN CORTS,-0.3747431,39.4552538
1768607863,EN CORTS,-0.3709739,39.4533421
2173325981,EN CORTS,-0.3754938,39.4566345
112484695,EN CORTS,-0.3667867,39.4552422
112484786,EN CORTS,-0.3672927,39.4561079
1341008611,EN CORTS,-0.3675653,39.4565513
10869010394,EN CORTS,-0.3678934,39.4570864
107334122,NATZARET,-0.3352373,39.4483182
132104493,NATZARET,-0.3309451,39.4540349
254744411,NATZARET,-0.3359713,39.4424103
254744416,NATZARET,-0.3358899,39.4431762
254744420,NATZARET,-0.3357942,39.4440992
254744421,NATZARET,-0.3357026,39.4449334
254744423,NATZARET,-0.3355825,39.446391
1164827279,NATZARET,-0.3351677,39.4512212
1334394354,NATZARET,-0.3348314,39.4541152
1334394372,NATZARET,-0.3349033,39.4530621
1614369259,NATZARET,-0.3353561,39.4501514
1614369328,NATZARET,-0.3354476,39.4495169
1635343453,NATZARET,-0.3356405,39.4456331
5907372152,NATZARET,-0.3354498,39.4474493
7281912244,NATZARET,-0.3349691,39.4525207
10040407229,NATZARET,-0.3355411,39.446901
1334394552,NATZARET,-0.3349099,39.4535415
9388274245,NATZARET,-0.3349555,39.4517198
69572837,LA VEGA BAIXA,-0.3521844,39.4752233
69573586,LA VEGA BAIXA,-0.3526317,39.4755476
69575191,LA VEGA BAIXA,-0.3508953,39.4749496
69576777,LA VEGA BAIXA,-0.3482017,39.4740478
69577966,LA VEGA BAIXA,-0.3492685,39.4744558
69578896,LA VEGA BAIXA,-0.3476456,39.4742071
99503718,LA VEGA BAIXA,-0.3484454,39.478226
109871986,LA VEGA BAIXA,-0.3512611,39.4780721
132152493,LA VEGA BAIXA,-0.3501457,39.4782115
132152634,LA VEGA BAIXA,-0.3493886,39.478218
132152642,LA VEGA BAIXA,-0.3485385,39.4772273
132152651,LA VEGA BAIXA,-0.346564,39.4772989
132152699,LA VEGA BAIXA,-0.347465,39.4772893
159719392,LA VEGA BAIXA,-0.353317,39.4768095
159719516,LA VEGA BAIXA,-0.3527663,39.4779849
159719554,LA VEGA BAIXA,-0.3529724,39.4775398
253312480,LA VEGA BAIXA,-0.3470713,39.4755545
253318410,LA VEGA BAIXA,-0.3473787,39.4748423
318327696,LA VEGA BAIXA,-0.351723,39.477685
6443891869,LA VEGA BAIXA,-0.3502532,39.4747476
11222811945,LA VEGA BAIXA,-0.3467012,39.4764093
11465724594,LA VEGA BAIXA,-0.3514634,39.4751173
10286299314,LA VEGA BAIXA,-0.3533908,39.4757363
69572681,MORVEDRE,-0.3736847,39.4805954
69573313,MORVEDRE,-0.3729743,39.4814743
69576393,MORVEDRE,-0.3724061,39.4824927
128249473,MORVEDRE,-0.3707572,39.4850613
128249536,MORVEDRE,-0.3785218,39.4856
132030015,MORVEDRE,-0.3696096,39.4867544
132071532,MORVEDRE,-0.3696534,39.4874468
138318472,MORVEDRE,-0.3787233,39.4848504
138318476,MORVEDRE,-0.3788632,39.4838846
141589177,MORVEDRE,-0.3748432,39.4864745
179619122,MORVEDRE,-0.3727861,39.4866754
179619130,MORVEDRE,-0.3719233,39.4865431
179619177,MORVEDRE,-0.3781864,39.4862025
179619186,MORVEDRE,-0.3713092,39.4871421
179677885,MORVEDRE,-0.3755467,39.48641
179677895,MORVEDRE,-0.3763256,39.4863338
179677912,MORVEDRE,-0.3772798,39.4874641
180427121,MORVEDRE,-0.3710557,39.4879218
181310398,MORVEDRE,-0.3777005,39.4868918
364683931,MORVEDRE,-0.3717464,39.4835474
1326293530,MORVEDRE,-0.3698448,39.4862147
1792923879,MORVEDRE,-0.3710773,39.4846161
1977229783,MORVEDRE,-0.3759798,39.4869403
3373193185,MORVEDRE,-0.3738612,39.4865616
10856025488,MORVEDRE,-0.3714135,39.4840887
11573058642,MORVEDRE,-0.3788956,39.483269
1064855556,MORVEDRE,-0.3767001,39.4809398
1064897555,MORVEDRE,-0.3775072,39.4814839
1554039317,MORVEDRE,-0.3740058,39.4798589
1867676559,MORVEDRE,-0.3752183,39.4801096
1867676560,MORVEDRE,-0.3746945,39.4798083
4576301688,MORVEDRE,-0.3789473,39.4827617
8579898011,MORVEDRE,-0.375667,39.4804902
252986343,LA TORRE,-0.3923576,39.431161
252986344,LA TORRE,-0.3927777,39.4300885
252986352,LA TORRE,-0.3932805,39.4288201
411338222,LA TORRE,-0.3875833,39.4362138
506533638,LA TORRE,-0.3882768,39.4343855
506533701,LA TORRE,-0.3920961,39.4318255
506533733,LA TORRE,-0.3934066,39.4366919
506533740,LA TORRE,-0.3937861,39.4349248
506533743,LA TORRE,-0.3936315,39.4356616
515651799,LA TORRE,-0.3923355,39.4269678
1125009378,LA TORRE,-0.3931802,39.4292724
1576274818,LA TORRE,-0.3892618,39.4336524
2965185300,LA TORRE,-0.3897929,39.4319346
3916111003,LA TORRE,-0.3886991,39.4334596
7045171042,LA TORRE,-0.3933834,39.4272043
9280296387,LA TORRE,-0.3896163,39.432392
10695969808,LA TORRE,-0.3935651,39.428078
97170161,EL CALVARI,-0.3934158,39.4869097
97171215,EL CALVARI,-0.3896853,39.4884735
128249161,EL CALVARI,-0.3907816,39.4861401
191777678,EL CALVARI,-0.3881711,39.4873604
243820499,EL CALVARI,-0.3877362,39.4869262
243820500,EL CALVARI,-0.3873328,39.4865503
243820541,EL CALVARI,-0.3885527,39.4866609
243820545,EL CALVARI,-0.3891303,39.4862188
243820565,EL CALVARI,-0.3900449,39.4855186
243982678,EL CALVARI,-0.3919882,39.4874833
243982682,EL CALVARI,-0.3913367,39.4863624
243982692,EL CALVARI,-0.3909411,39.4880179
243982707,EL CALVARI,-0.3925476,39.4857253
10301329162,EL CALVARI,-0.3903929,39.4882136
10945878727,EL CALVARI,-0.3880769,39.4860862
111044748,CASTELLAR-L'OLIVERAL,-0.3703908,39.4342513
253098677,CASTELLAR-L'OLIVERAL,-0.371274,39.4238882
330153849,CASTELLAR-L'OLIVERAL,-0.3706914,39.4236078
411338262,CASTELLAR-L'OLIVERAL,-0.3718912,39.4270649
411338265,CASTELLAR-L'OLIVERAL,-0.3710223,39.4288607
559920421,CASTELLAR-L'OLIVERAL,-0.3501051,39.4222711
576889861,CASTELLAR-L'OLIVERAL,-0.3645965,39.4210493
576889864,CASTELLAR-L'OLIVERAL,-0.3716984,39.4247593
576889865,CASTELLAR-L'OLIVERAL,-0.3714038,39.4254015
3918735402,CASTELLAR-L'OLIVERAL,-0.37189,39.424274
3918735405,CASTELLAR-L'OLIVERAL,-0.3690706,39.4229278
3918735407,CASTELLAR-L'OLIVERAL,-0.3667787,39.4218914
4198423136,CASTELLAR-L'OLIVERAL,-0.3514654,39.4221092
4198423137,CASTELLAR-L'OLIVERAL,-0.3530493,39.4220106
4633624804,CASTELLAR-L'OLIVERAL,-0.3456777,39.42779
6510694441,CASTELLAR-L'OLIVERAL,-0.3658314,39.4214057
12306923296,CASTELLAR-L'OLIVERAL,-0.3696901,39.4231878
12306989595,CASTELLAR-L'OLIVERAL,-0.3679015,39.422377
2466453159,CASTELLAR-L'OLIVERAL,-0.3457056,39.4214133
4198423140,CASTELLAR-L'OLIVERAL,-0.353636,39.4218791
9523844382,CASTELLAR-L'OLIVERAL,-0.3452383,39.4262485
10315011917,CASTELLAR-L'OLIVERAL,-0.3442452,39.4213802
10315011920,CASTELLAR-L'OLIVERAL,-0.3470535,39.4217299
10315011921,CASTELLAR-L'OLIVERAL,-0.3494857,39.4222033
12306709992,CASTELLAR-L'OLIVERAL,-0.3583556,39.4197372
101002192,SAFRANAR,-0.3975248,39.4552466
107926558,SAFRANAR,-0.3921546,39.45812
107926564,SAFRANAR,-0.3922889,39.4563778
107926579,SAFRANAR,-0.3970888,39.4555983
107926591,SAFRANAR,-0.3957894,39.4561086
107926611,SAFRANAR,-0.3931535,39.4563201
107926625,SAFRANAR,-0.3913918,39.4563921
108004953,SAFRANAR,-0.3905626,39.4564556
108005071,SAFRANAR,-0.3910169,39.4570708
108005087,SAFRANAR,-0.391555,39.4575247
108005093,SAFRANAR,-0.3928363,39.4587293
108005107,SAFRANAR,-0.3937688,39.4595746
108005135,SAFRANAR,-0.3951821,39.4608464
108005141,SAFRANAR,-0.3961136,39.4617046
108005147,SAFRANAR,-0.396577,39.4621448
108005162,SAFRANAR,-0.3972002,39.4627138
110418639,SAFRANAR,-0.4019889,39.4579031
116137705,SAFRANAR,-0.3944998,39.4562168
116137902,SAFRANAR,-0.3947343,39.4604415
254902142,SAFRANAR,-0.401452,39.4576376
254902143,SAFRANAR,-0.4006226,39.4570413
254902191,SAFRANAR,-0.3982859,39.454625
255007102,SAFRANAR,-0.3999773,39.4604183
255007133,SAFRANAR,-0.3979422,39.4622818
255172062,SAFRANAR,-0.399506,39.4554922
1160312332,SAFRANAR,-0.3951949,39.456164
2696688882,SAFRANAR,-0.402044,39.4585079
8664243236,SAFRANAR,-0.3941343,39.4601068
11013720044,SAFRANAR,-0.4000568,39.4564096
29834293,EL BOTANIC,-0.3860193,39.4719843
29834297,EL BOTANIC,-0.3881979,39.4750696
29834299,EL BOTANIC,-0.3899489,39.4774429
29935839,EL BOTANIC,-0.3839947,39.4721867
29935841,EL BOTANIC,-0.383982,39.4727597
29935843,EL BOTANIC,-0.3839137,39.4737662
30886297,EL BOTANIC,-0.3841564,39.4757102
30886298,EL BOTANIC,-0.3878418,39.4745676
30886300,EL BOTANIC,-0.3871722,39.4736246
30886301,EL BOTANIC,-0.386615,39.472819
30886323,EL BOTANIC,-0.3840175,39.4746794
82765306,EL BOTANIC,-0.3840599,39.4765152
82765308,EL BOTANIC,-0.3838488,39.4775856
82765309,EL BOTANIC,-0.3837082,39.4782846
85811549,EL BOTANIC,-0.3839812,39.4769615
1783289907,EL BOTANIC,-0.3894549,39.4768361
4579851915,EL BOTANIC,-0.3831529,39.4801237
4890714811,EL BOTANIC,-0.3888035,39.4759059
29935836,EL BOTANIC,-0.383482,39.4703683
29935838,EL BOTANIC,-0.3839244,39.4715679
30886270,EL BOTANIC,-0.383935,39.4696006
30886302,EL BOTANIC,-0.3854981,39.4712193
168356755,EL BOTANIC,-0.3846981,39.4703418
604972802,EL BOTANIC,-0.3840856,39.4751955
1064897553,EL BOTANIC,-0.3854,39.4801417
1554039257,EL BOTANIC,-0.3887454,39.4786677
1554039271,EL BOTANIC,-0.38742,39.4791749
1554039307,EL BOTANIC,-0.3868082,39.4794404
1554039341,EL BOTANIC,-0.3862666,39.4797712
1554039382,EL BOTANIC,-0.384609,39.480551
1554039399,EL BOTANIC,-0.3832941,39.4808822
2821125800,EL BOTANIC,-0.3902303,39.4779197
2821126111,EL BOTANIC,-0.3900275,39.4783888
12168684569,EL BOTANIC,-0.3840436,39.4732421
62838373,SANT ISIDRE,-0.4054861,39.4552701
62858527,SANT ISIDRE,-0.4060702,39.4548292
96084585,SANT ISIDRE,-0.3998976,39.4534198
100997235,SANT ISIDRE,-0.4077049,39.453584
101008282,SANT ISIDRE,-0.4082488,39.4531281
110418639,SANT ISIDRE,-0.4019889,39.4579031
111179629,SANT ISIDRE,-0.4027964,39.4577071
254902143,SANT ISIDRE,-0.4006226,39.4570413
254902191,SANT ISIDRE,-0.3982859,39.454625
255172062,SANT ISIDRE,-0.399506,39.4554922
255963442,SANT ISIDRE,-0.4086383,39.4526678
430294823,SANT ISIDRE,-0.3992053,39.4538842
729590443,SANT ISIDRE,-0.4066642,39.4542754
1113130262,SANT ISIDRE,-0.404562,39.4560126
1774906217,SANT ISIDRE,-0.4070877,39.4539559
1785749947,SANT ISIDRE,-0.403578,39.4502653
2104102489,SANT ISIDRE,-0.4037932,39.4567218
2117742386,SANT ISIDRE,-0.4015294,39.4576133
2529492545,SANT ISIDRE,-0.4049697,39.4556481
12309792140,SANT ISIDRE,-0.4053828,39.4481725
7026816358,SANT ISIDRE,-0.3989968,39.4549896
11013720044,SANT ISIDRE,-0.4000568,39.4564096
11694668334,SANT ISIDRE,-0.4026554,39.4510723
11694668336,SANT ISIDRE,-0.4017152,39.4519115
90771153,BENIMACLET,-0.3547883,39.4782745
109319429,BENIMACLET,-0.3520789,39.4816179
112020002,BENIMACLET,-0.3544663,39.478939
112023167,BENIMACLET,-0.3554331,39.4784907
132010547,BENIMACLET,-0.3595687,39.4814907
132010623,BENIMACLET,-0.3539678,39.4822486
132010633,BENIMACLET,-0.3568136,39.4794425
132029967,BENIMACLET,-0.3635564,39.4852282
132029980,BENIMACLET,-0.3652473,39.4857061
132030012,BENIMACLET,-0.3693184,39.4869958
132030022,BENIMACLET,-0.368259,39.4864558
132030053,BENIMACLET,-0.3623494,39.4847421
132071483,BENIMACLET,-0.368684,39.4876975
141589259,BENIMACLET,-0.3670114,39.4861113
252650149,BENIMACLET,-0.3675808,39.4883839
252650156,BENIMACLET,-0.3652145,39.4895522
257843417,BENIMACLET,-0.3602748,39.4889496
257843418,BENIMACLET,-0.3572552,39.4885841
257843487,BENIMACLET,-0.3626306,39.4842122
257843488,BENIMACLET,-0.362194,39.4834447
257843506,BENIMACLET,-0.3564087,39.4859618
257843516,BENIMACLET,-0.3540477,39.4843911
257843522,BENIMACLET,-0.3551293,39.4858425
257843523,BENIMACLET,-0.3557875,39.4859048
257843526,BENIMACLET,-0.3539401,39.4850571
257843529,BENIMACLET,-0.3568757,39.4870179
257843531,BENIMACLET,-0.3576142,39.4870814
257843548,BENIMACLET,-0.3589634,39.4810389
257843551,BENIMACLET,-0.3576963,39.4800951
257843595,BENIMACLET,-0.3573782,39.4881214
257843596,BENIMACLET,-0.360491,39.4885106
257843597,BENIMACLET,-0.3618593,39.488558
257843599,BENIMACLET,-0.3574925,39.4876145
257843614,BENIMACLET,-0.3578217,39.4887654
257843617,BENIMACLET,-0.3590106,39.4889085
257843687,BENIMACLET,-0.3628305,39.4878032
257843703,BENIMACLET,-0.3648134,39.4874745
257843706,BENIMACLET,-0.3647396,39.4891978
257843707,BENIMACLET,-0.3653479,39.4887664
257843718,BENIMACLET,-0.3634056,39.4873366
257843721,BENIMACLET,-0.3652411,39.4878033
257843722,BENIMACLET,-0.3639842,39.486868
257843726,BENIMACLET,-0.3647119,39.4862788
428941267,BENIMACLET,-0.3524116,39.4808836
428941287,BENIMACLET,-0.3534662,39.48019
428941289,BENIMACLET,-0.3530364,39.4805311
1641286530,BENIMACLET,-0.3533428,39.4820297
2273205934,BENIMACLET,-0.3682122,39.4880238
2324942890,BENIMACLET,-0.3656793,39.4881223
3312381105,BENIMACLET,-0.3670896,39.488761
5683486759,BENIMACLET,-0.3540045,39.4856999
6213230524,BENIMACLET,-0.3658373,39.4858764
9759961193,BENIMACLET,-0.3599645,39.4818768
9759961198,BENIMACLET,-0.3610747,39.4827128
11543702052,BENIMACLET,-0.3545161,39.4824482
7195973996,BENIMACLET,-0.3583364,39.4805718
11543304037,BENIMACLET,-0.356175,39.4790493
11581738248,BENIMACLET,-0.3658155,39.4894466
88429275,LA CREU DEL GRAU,-0.3403809,39.4591
88429289,LA CREU DEL GRAU,-0.3477059,39.4608353
99503633,LA CREU DEL GRAU,-0.3387499,39.4617745
99503706,LA CREU DEL GRAU,-0.3423795,39.4595528
116761476,LA CREU DEL GRAU,-0.3410742,39.4579776
116761485,LA CREU DEL GRAU,-0.3437082,39.458563
253488402,LA CREU DEL GRAU,-0.3395382,39.4620049
253488485,LA CREU DEL GRAU,-0.3427187,39.4629501
253488515,LA CREU DEL GRAU,-0.3463179,39.4640199
253488565,LA CREU DEL GRAU,-0.347893,39.4644873
253496601,LA CREU DEL GRAU,-0.347305,39.464313
253496612,LA CREU DEL GRAU,-0.3440241,39.463338
253496618,LA CREU DEL GRAU,-0.3453085,39.4637197
253496743,LA CREU DEL GRAU,-0.3415279,39.4625962
253496756,LA CREU DEL GRAU,-0.3404995,39.4622906
253705151,LA CREU DEL GRAU,-0.3391351,39.4613821
253705162,LA CREU DEL GRAU,-0.3488697,39.4644802
253705163,LA CREU DEL GRAU,-0.3501493,39.4648434
253705166,LA CREU DEL GRAU,-0.3507244,39.4636546
253705167,LA CREU DEL GRAU,-0.3515351,39.4619748
253705170,LA CREU DEL GRAU,-0.3511454,39.4627825
253705180,LA CREU DEL GRAU,-0.3489027,39.461182
253705197,LA CREU DEL GRAU,-0.3467772,39.460605
253705200,LA CREU DEL GRAU,-0.342968,39.4596957
253705204,LA CREU DEL GRAU,-0.3442227,39.459998
253705250,LA CREU DEL GRAU,-0.3455436,39.4603093
9212933903,LA CREU DEL GRAU,-0.3405254,39.4585432
11788106961,LA CREU DEL GRAU,-0.3501761,39.4615698
11802644412,LA CREU DEL GRAU,-0.3495553,39.464668
11870148904,LA CREU DEL GRAU,-0.3495071,39.4614817
110317193,CAMI FONDO,-0.3565659,39.4668596
131964280,CAMI FONDO,-0.3511782,39.4654645
252108711,CAMI FONDO,-0.3531111,39.4660384
252108718,CAMI FONDO,-0.3554912,39.4667457
252108769,CAMI FONDO,-0.3540365,39.4663135
252108771,CAMI FONDO,-0.3549064,39.466572
252114079,CAMI FONDO,-0.3523488,39.4631513
252114080,CAMI FONDO,-0.3541554,39.4637781
252114082,CAMI FONDO,-0.357074,39.4658142
252114083,CAMI FONDO,-0.3555761,39.4648133
252114084,CAMI FONDO,-0.3547687,39.4642177
252114086,CAMI FONDO,-0.3539327,39.4642034
252114090,CAMI FONDO,-0.3560979,39.4651771
253237158,CAMI FONDO,-0.3524626,39.4622539
253488531,CAMI FONDO,-0.3487867,39.4647534
253488567,CAMI FONDO,-0.3501805,39.4651676
253496593,CAMI FONDO,-0.3495732,39.4649871
253705166,CAMI FONDO,-0.3507244,39.4636546
1870444665,CAMI FONDO,-0.351931,39.4656875
6857386667,CAMI FONDO,-0.3568355,39.4663037
11784710449,CAMI FONDO,-0.3515753,39.4621081
11787255686,CAMI FONDO,-0.3503283,39.4646003
11802644434,CAMI FONDO,-0.348324,39.4643831
97163941,TORMOS,-0.3857003,39.4893967
97163943,TORMOS,-0.3806154,39.4905388
97180274,TORMOS,-0.3752698,39.4902851
97180276,TORMOS,-0.3767129,39.4882603
98833201,TORMOS,-0.3745958,39.4918546
179677912,TORMOS,-0.3772798,39.4874641
181300743,TORMOS,-0.3756984,39.4896834
181300780,TORMOS,-0.3784239,39.491023
181309666,TORMOS,-0.3795066,39.4907838
181310398,TORMOS,-0.3777005,39.4868918
190121995,TORMOS,-0.3782244,39.4864257
190122112,TORMOS,-0.3835441,39.4884278
190122323,TORMOS,-0.3794168,39.4877076
190122327,TORMOS,-0.3789817,39.4865124
206275760,TORMOS,-0.3846225,39.4896116
206275796,TORMOS,-0.383966,39.4897606
206275819,TORMOS,-0.3827832,39.4900646
252329879,TORMOS,-0.3739913,39.4918853
257607996,TORMOS,-0.3818336,39.4902754
257608007,TORMOS,-0.3774283,39.4913419
1980219450,TORMOS,-0.3749078,39.4907988
3312315389,TORMOS,-0.384745,39.4889322
4278582610,TORMOS,-0.3751916,39.4917381
12180719442,TORMOS,-0.3761649,39.4890248
1981173469,TORMOS,-0.3812612,39.487343
1981173524,TORMOS,-0.3825527,39.4878426
1981173547,TORMOS,-0.380382,39.4875323
25767471,LA XEREA,-0.3681239,39.4721778
52749388,LA XEREA,-0.3669108,39.4726548
55597081,LA XEREA,-0.3725299,39.4715038
55597139,LA XEREA,-0.3708738,39.4722005
56207858,LA XEREA,-0.3700501,39.4722822
59592541,LA XEREA,-0.3699987,39.4727443
60682644,LA XEREA,-0.3742651,39.4739332
60707883,LA XEREA,-0.3742593,39.4745133
60707897,LA XEREA,-0.3738274,39.4753883
60708017,LA XEREA,-0.3715939,39.4767704
79451148,LA XEREA,-0.3727638,39.4769123
297664572,LA XEREA,-0.3707077,39.4727468
2698237037,LA XEREA,-0.3688206,39.472013
6812610026,LA XEREA,-0.3674598,39.4724704
25767440,LA XEREA,-0.3736974,39.4718464
25767444,LA XEREA,-0.3743238,39.4718512
55597015,LA XEREA,-0.3716494,39.4720682
55597189,LA XEREA,-0.3744512,39.472751
57472006,LA XEREA,-0.3752438,39.4730115
57472046,LA XEREA,-0.375527,39.4725583
60707960,LA XEREA,-0.3734775,39.475827
79451054,LA XEREA,-0.3732201,39.4763694
319337992,LA XEREA,-0.367326,39.4747711
319338005,LA XEREA,-0.3698178,39.4766937
1064816381,LA XEREA,-0.3689502,39.4764109
5082403710,LA XEREA,-0.3709438,39.4769611
11950769846,LA XEREA,-0.3741743,39.4734673
69573110,JAUME ROIG,-0.3663784,39.4794112
69577548,JAUME ROIG,-0.364631,39.4829662
69578929,JAUME ROIG,-0.3638774,39.4845365
90771102,JAUME ROIG,-0.3650358,39.4793616
90771262,JAUME ROIG,-0.3607573,39.4804432
90771281,JAUME ROIG,-0.3596118,39.4813685
90771318,JAUME ROIG,-0.3651829,39.4818539
90771348,JAUME ROIG,-0.3644991,39.4804142
90771365,JAUME ROIG,-0.3657281,39.4807532
90772141,JAUME ROIG,-0.3626993,39.4798884
90772202,JAUME ROIG,-0.3659611,39.4802849
90772253,JAUME ROIG,-0.3647503,39.4799292
90772562,JAUME ROIG,-0.3603008,39.480819
132029967,JAUME ROIG,-0.3635564,39.4852282
132030053,JAUME ROIG,-0.3623494,39.4847421
257843392,JAUME ROIG,-0.3627923,39.4838855
257843442,JAUME ROIG,-0.3610544,39.4825911
257843464,JAUME ROIG,-0.3600086,39.4818171
257843488,JAUME ROIG,-0.362194,39.4834447
6561808866,JAUME ROIG,-0.3614198,39.4795544
10267743859,JAUME ROIG,-0.3620588,39.4797112
11535213331,JAUME ROIG,-0.3641127,39.4840097
11535213341,JAUME ROIG,-0.3644188,39.4833945
11536782822,JAUME ROIG,-0.3648683,39.4824882
7637832412,JAUME ROIG,-0.365775,39.4791576
11538120645,JAUME ROIG,-0.3639195,39.4803281
29834286,LA GRAN VIA,-0.3738342,39.4650129
29834295,LA GRAN VIA,-0.3644406,39.4689948
52748794,LA GRAN VIA,-0.3660551,39.468331
88429495,LA GRAN VIA,-0.3608078,39.4631025
107246956,LA GRAN VIA,-0.3623848,39.4626126
108326138,LA GRAN VIA,-0.3730659,39.4653577
108326211,LA GRAN VIA,-0.3731023,39.4648919
108326495,LA GRAN VIA,-0.3665239,39.4633648
108326551,LA GRAN VIA,-0.3649774,39.4630353
112817238,LA GRAN VIA,-0.3633505,39.4626814
113391506,LA GRAN VIA,-0.3644146,39.4629128
208232354,LA GRAN VIA,-0.3668147,39.4680194
208232376,LA GRAN VIA,-0.367961,39.4675348
208232393,LA GRAN VIA,-0.3690655,39.4670694
208232416,LA GRAN VIA,-0.3703831,39.466516
208232446,LA GRAN VIA,-0.3710809,39.4662222
208232465,LA GRAN VIA,-0.3720754,39.4657891
1316020806,LA GRAN VIA,-0.3672,39.4635158
1342102542,LA GRAN VIA,-0.3618176,39.4627651
6727043840,LA GRAN VIA,-0.3681777,39.4636271
6868146252,LA GRAN VIA,-0.371235,39.4642917
6868146264,LA GRAN VIA,-0.3697353,39.464
10887187658,LA GRAN VIA,-0.3717725,39.4645772
11009814414,LA GRAN VIA,-0.3654391,39.4685899
297664595,LA GRAN VIA,-0.3614977,39.4668462
297664612,LA GRAN VIA,-0.3606962,39.4654021
297664646,LA GRAN VIA,-0.3600007,39.4636762
299223405,LA GRAN VIA,-0.3623606,39.4683225
299223414,LA GRAN VIA,-0.363423,39.4693802
299223594,LA GRAN VIA,-0.3601359,39.4631603
299223788,LA GRAN VIA,-0.3600951,39.4642169
299223822,LA GRAN VIA,-0.3618675,39.4674126
7506786509,LA GRAN VIA,-0.3714725,39.4658812
12172798708,LA GRAN VIA,-0.3655194,39.4632088
105882263,CIUTAT FALLERA,-0.3943013,39.4969272
105888136,CIUTAT FALLERA,-0.4007225,39.4983928
105888139,CIUTAT FALLERA,-0.399977,39.4976634
105888220,CIUTAT FALLERA,-0.3995582,39.4972308
111968547,CIUTAT FALLERA,-0.39706,39.5010296
257607938,CIUTAT FALLERA,-0.396972,39.4957986
257608071,CIUTAT FALLERA,-0.3960377,39.4958581
257608072,CIUTAT FALLERA,-0.3951501,39.4964062
257848746,CIUTAT FALLERA,-0.3913927,39.4986734
257848784,CIUTAT FALLERA,-0.3906123,39.4991441
257848800,CIUTAT FALLERA,-0.390096,39.4994568
1341008524,CIUTAT FALLERA,-0.3920242,39.498297
1341008544,CIUTAT FALLERA,-0.3892704,39.4999489
7136290369,CIUTAT FALLERA,-0.3975379,39.4954461
7136311786,CIUTAT FALLERA,-0.3982878,39.4961532
10219479835,CIUTAT FALLERA,-0.3935461,39.4975012
1341008587,CIUTAT FALLERA,-0.4010646,39.4997572
7136311845,CIUTAT FALLERA,-0.3999912,39.4998355
10723940746,CIUTAT FALLERA,-0.3988165,39.4966653
99503608,AIORA,-0.3356623,39.4654481
99503633,AIORA,-0.3387499,39.4617745
131964280,AIORA,-0.3511782,39.4654645
131964595,AIORA,-0.3502527,39.4678146
252108755,AIORA,-0.3497513,39.4690248
253487835,AIORA,-0.3373049,39.4665891
253487837,AIORA,-0.3393137,39.4671759
253487840,AIORA,-0.3432664,39.4683032
253487851,AIORA,-0.3484019,39.4696629
253487856,AIORA,-0.3470168,39.469259
253487857,AIORA,-0.3457011,39.4688923
253487859,AIORA,-0.3447524,39.4686147
253487863,AIORA,-0.3439966,39.4687123
253487877,AIORA,-0.3425274,39.4680198
253487878,AIORA,-0.3418104,39.4678095
253487880,AIORA,-0.3410599,39.4675895
253487888,AIORA,-0.3362823,39.466183
253487889,AIORA,-0.3356047,39.4659792
253488402,AIORA,-0.3395382,39.4620049
253488485,AIORA,-0.3427187,39.4629501
253488495,AIORA,-0.3362826,39.4642745
253488515,AIORA,-0.3463179,39.4640199
253488516,AIORA,-0.3487758,39.4687409
253488531,AIORA,-0.3487867,39.4647534
253488565,AIORA,-0.347893,39.4644873
253488567,AIORA,-0.3501805,39.4651676
253496593,AIORA,-0.3495732,39.4649871
253496601,AIORA,-0.347305,39.464313
253496612,AIORA,-0.3440241,39.463338
253496618,AIORA,-0.3453085,39.4637197
253496743,AIORA,-0.3415279,39.4625962
253496756,AIORA,-0.3404995,39.4622906
253496765,AIORA,-0.3372739,39.462804
253496771,AIORA,-0.3376919,39.4624377
253498451,AIORA,-0.3365269,39.4636297
11555357370,AIORA,-0.3387232,39.4669095
11555357488,AIORA,-0.3405254,39.4673556
97161244,SANT ANTONI,-0.3700522,39.4891347
97180274,SANT ANTONI,-0.3752698,39.4902851
97180276,SANT ANTONI,-0.3767129,39.4882603
132010561,SANT ANTONI,-0.3714639,39.4903279
132071464,SANT ANTONI,-0.3684368,39.4880773
141589177,SANT ANTONI,-0.3748432,39.4864745
179619122,SANT ANTONI,-0.3727861,39.4866754
179619143,SANT ANTONI,-0.3716943,39.4865545
179619186,SANT ANTONI,-0.3713092,39.4871421
179677905,SANT ANTONI,-0.3762647,39.4864434
180427121,SANT ANTONI,-0.3710557,39.4879218
180427133,SANT ANTONI,-0.3695818,39.4875084
181300716,SANT ANTONI,-0.3742297,39.4915138
181300743,SANT ANTONI,-0.3756984,39.4896834
252329883,SANT ANTONI,-0.3737651,39.4919432
1584190760,SANT ANTONI,-0.369302,39.4887217
1584190762,SANT ANTONI,-0.3705031,39.4895313
1977229783,SANT ANTONI,-0.3759798,39.4869403
3373193186,SANT ANTONI,-0.3737168,39.4865949
4278582606,SANT ANTONI,-0.3733103,39.491569
12180719442,SANT ANTONI,-0.3761649,39.4890248
11595567098,SANT ANTONI,-0.374751,39.490851
11595651656,SANT ANTONI,-0.3771526,39.4874609
111821398,SANT LLORENS,-0.3575656,39.4947885
111821428,SANT LLORENS,-0.3579437,39.4938362
111821481,SANT LLORENS,-0.3690673,39.4978238
252650156,SANT LLORENS,-0.3652145,39.4895522
257821207,SANT LLORENS,-0.3670676,39.4957867
257821211,SANT LLORENS,-0.3680561,39.4965228
257821231,SANT LLORENS,-0.3690994,39.4917856
257821293,SANT LLORENS,-0.3690242,39.4902457
257821305,SANT LLORENS,-0.3672141,39.4932973
257821325,SANT LLORENS,-0.3686129,39.4909581
257821356,SANT LLORENS,-0.3676683,39.4952531
257821364,SANT LLORENS,-0.3681237,39.4948428
257821368,SANT LLORENS,-0.366601,39.4949622
257821370,SANT LLORENS,-0.3677473,39.493715
257843396,SANT LLORENS,-0.3587159,39.4923527
257843417,SANT LLORENS,-0.3602748,39.4889496
257843596,SANT LLORENS,-0.360491,39.4885106
257843597,SANT LLORENS,-0.3618593,39.488558
257843674,SANT LLORENS,-0.3590282,39.4914698
257843678,SANT LLORENS,-0.3600128,39.4894611
257843703,SANT LLORENS,-0.3648134,39.4874745
257843706,SANT LLORENS,-0.3647396,39.4891978
257843707,SANT LLORENS,-0.3653479,39.4887664
257843718,SANT LLORENS,-0.3634056,39.4873366
257843721,SANT LLORENS,-0.3652411,39.4878033
257843722,SANT LLORENS,-0.3639842,39.486868
442029928,SANT LLORENS,-0.3673098,39.4889729
1624665619,SANT LLORENS,-0.368573,39.4922628
1624684213,SANT LLORENS,-0.3681596,39.4926246
2015601771,SANT LLORENS,-0.3630374,39.4879655
2324942860,SANT LLORENS,-0.359619,39.4902581
2324942890,SANT LLORENS,-0.3656793,39.4881223
4278582627,SANT LLORENS,-0.3680362,39.4972775
8536158360,SANT LLORENS,-0.3593011,39.4909129
11581738117,SANT LLORENS,-0.3678209,39.4893699
11581738249,SANT LLORENS,-0.3658411,39.4894731
11584637067,SANT LLORENS,-0.3683316,39.4941939
118001734,PINEDO,-0.3366635,39.4262679
134643006,PINEDO,-0.334412,39.3842716
429652638,PINEDO,-0.3313386,39.3889133
475334248,PINEDO,-0.3309273,39.391419
475334260,PINEDO,-0.3308604,39.3904813
475334267,PINEDO,-0.3310636,39.3896861
475337772,PINEDO,-0.3314713,39.3884742
475337795,PINEDO,-0.3317268,39.3875629
475337802,PINEDO,-0.3318193,39.3871095
475337815,PINEDO,-0.331967,39.3853668
1154523934,PINEDO,-0.3308935,39.3909615
4633624804,PINEDO,-0.3456777,39.42779
11956711469,PINEDO,-0.3339753,39.4206784
11956711471,PINEDO,-0.3341483,39.4213974
11956711473,PINEDO,-0.3342636,39.4219195
11956711475,PINEDO,-0.334513,39.4227836
111164128,CAMI REAL,-0.3958194,39.4395705
255758198,CAMI REAL,-0.3861364,39.4403669
255758199,CAMI REAL,-0.3865218,39.4392554
1562048644,CAMI REAL,-0.3879084,39.442342
2821185072,CAMI REAL,-0.3904702,39.4422462
2905037961,CAMI REAL,-0.3867391,39.4386163
7431402965,CAMI REAL,-0.3884098,39.4420938
12309792140,CAMI REAL,-0.4053828,39.4481725
12334528238,CAMI REAL,-0.3934676,39.4418089
105958209,CAMI REAL,-0.3866447,39.4457024
105958234,CAMI REAL,-0.3876777,39.4430814
111148864,CAMI REAL,-0.3860423,39.4471683
7044684607,CAMI REAL,-0.3856608,39.447863
7044993201,CAMI REAL,-0.3868814,39.4448897
7044993202,CAMI REAL,-0.387197,39.4440767
99503718,LA CARRASCA,-0.3484454,39.478226
106334582,LA CARRASCA,-0.3333164,39.4761033
109319409,LA CARRASCA,-0.3508591,39.4819769
109552586,LA CARRASCA,-0.3326036,39.480615
109552607,LA CARRASCA,-0.3331778,39.4766884
109552622,LA CARRASCA,-0.3327104,39.4794862
109871843,LA CARRASCA,-0.3519027,39.4812322
109871991,LA CARRASCA,-0.3511856,39.4782722
116815643,LA CARRASCA,-0.3457805,39.4850731
132152493,LA CARRASCA,-0.3501457,39.4782115
132152634,LA CARRASCA,-0.3493886,39.478218
132152651,LA CARRASCA,-0.346564,39.4772989
132152699,LA CARRASCA,-0.347465,39.4772893
159719500,LA CARRASCA,-0.3542181,39.4784679
159719516,LA CARRASCA,-0.3527663,39.4779849
159719527,LA CARRASCA,-0.3535496,39.4782128
253312457,LA CARRASCA,-0.3370413,39.4737195
253312469,LA CARRASCA,-0.34158,39.4739158
253312472,LA CARRASCA,-0.344229,39.4747199
253312480,LA CARRASCA,-0.3470713,39.4755545
253312484,LA CARRASCA,-0.3452119,39.4750114
253312485,LA CARRASCA,-0.3434464,39.4744958
253318433,LA CARRASCA,-0.3375119,39.4726714
253318514,LA CARRASCA,-0.3364823,39.4749211
254524225,LA CARRASCA,-0.331712,39.4842181
254524227,LA CARRASCA,-0.3322235,39.4822599
254526023,LA CARRASCA,-0.3329876,39.4779624
318326310,LA CARRASCA,-0.3515502,39.4777519
428941267,LA CARRASCA,-0.3524116,39.4808836
428941282,LA CARRASCA,-0.3528114,39.4804702
428941294,LA CARRASCA,-0.3536519,39.47984
428941303,LA CARRASCA,-0.3540231,39.4794035
428941322,LA CARRASCA,-0.3474435,39.4840292
4416400396,LA CARRASCA,-0.3521634,39.4778857
4419114990,LA CARRASCA,-0.339985,39.4734664
4633626221,LA CARRASCA,-0.3441468,39.4861569
9362923390,LA CARRASCA,-0.3328565,39.4786638
10290034472,LA CARRASCA,-0.3357162,39.4762674
11222729991,LA CARRASCA,-0.3361405,39.4756275
11222811945,LA CARRASCA,-0.3467012,39.4764093
11631035217,LA CARRASCA,-0.3485333,39.477283
6459132648,LA CARRASCA,-0.3383818,39.4711645
6459132656,LA CARRASCA,-0.338958,39.4713396
6813234647,LA CARRASCA,-0.3379635,39.4715025
11524524336,LA CARRASCA,-0.3425168,39.4741803
11525713785,LA CARRASCA,-0.3394637,39.4723137
11527771319,LA CARRASCA,-0.3377316,39.4721988
29834279,LA ROQUETA,-0.3814487,39.4655435
30886307,LA ROQUETA,-0.3822632,39.4667134
30886320,LA ROQUETA,-0.3797712,39.4682056
33358135,LA ROQUETA,-0.3781548,39.4678034
34366754,LA ROQUETA,-0.3801189,39.4637392
34366762,LA ROQUETA,-0.3806853,39.4645037
113352620,LA ROQUETA,-0.379056,39.4631894
4682062502,LA ROQUETA,-0.3788893,39.4679192
6232377116,LA ROQUETA,-0.3817695,39.4660114
29834290,LA ROQUETA,-0.3831202,39.4679613
30886266,LA ROQUETA,-0.3820016,39.4692363
30886267,LA ROQUETA,-0.382633,39.469727
30886270,LA ROQUETA,-0.383935,39.4696006
30886275,LA ROQUETA,-0.3808871,39.4685579
30886305,LA ROQUETA,-0.3836314,39.4686725
30886306,LA ROQUETA,-0.382564,39.467172
34853548,LA ROQUETA,-0.3765873,39.4672414
6789397469,LA ROQUETA,-0.3835171,39.4702852
7107905868,LA ROQUETA,-0.3773678,39.4675058
25767363,EL PLA DEL REMEI,-0.3702967,39.4704038
25767364,EL PLA DEL REMEI,-0.3711453,39.4697119
25767365,EL PLA DEL REMEI,-0.3720386,39.4690888
25767367,EL PLA DEL REMEI,-0.3729701,39.4684381
25767369,EL PLA DEL REMEI,-0.3737649,39.467883
25767469,EL PLA DEL REMEI,-0.3687265,39.4718636
25767471,EL PLA DEL REMEI,-0.3681239,39.4721778
29834286,EL PLA DEL REMEI,-0.3738342,39.4650129
29834287,EL PLA DEL REMEI,-0.3712452,39.4661506
29834295,EL PLA DEL REMEI,-0.3644406,39.4689948
34853528,EL PLA DEL REMEI,-0.374408,39.4660802
52748794,EL PLA DEL REMEI,-0.3660551,39.468331
52748800,EL PLA DEL REMEI,-0.3669549,39.4679587
52748804,EL PLA DEL REMEI,-0.3681101,39.4674723
52748808,EL PLA DEL REMEI,-0.3692322,39.4669991
52748811,EL PLA DEL REMEI,-0.3702466,39.4665716
52748967,EL PLA DEL REMEI,-0.37222,39.4657261
52749388,EL PLA DEL REMEI,-0.3669108,39.4726548
108326138,EL PLA DEL REMEI,-0.3730659,39.4653577
1828082336,EL PLA DEL REMEI,-0.3693172,39.4713004
3906225999,EL PLA DEL REMEI,-0.3660115,39.4730889
4682062512,EL PLA DEL REMEI,-0.3748964,39.4670537
6812610026,EL PLA DEL REMEI,-0.3674598,39.4724704
7596340245,EL PLA DEL REMEI,-0.3742817,39.4675306
11009814414,EL PLA DEL REMEI,-0.3654391,39.4685899
297664675,EL PLA DEL REMEI,-0.3639946,39.470541
297664686,EL PLA DEL REMEI,-0.3634783,39.4699388
297664725,EL PLA DEL REMEI,-0.3645011,39.471184
297664738,EL PLA DEL REMEI,-0.3632301,39.4694471
299218289,EL PLA DEL REMEI,-0.3653919,39.4722995
299218299,EL PLA DEL REMEI,-0.3650074,39.4718515
3951686913,EL PLA DEL REMEI,-0.3657388,39.4726838
115578649,BENIMAMET,-0.4133969,39.4966494
120296024,BENIMAMET,-0.425157,39.5072824
321493858,BENIMAMET,-0.4287306,39.4983793
321493962,BENIMAMET,-0.4300427,39.5012839
321493964,BENIMAMET,-0.4304105,39.5023467
322531659,BENIMAMET,-0.4298843,39.5007187
322560843,BENIMAMET,-0.4243371,39.5073235
344427737,BENIMAMET,-0.4180023,39.496709
344427747,BENIMAMET,-0.414848,39.4968509
344427840,BENIMAMET,-0.4187644,39.496676
344427875,BENIMAMET,-0.4160559,39.4968036
434698744,BENIMAMET,-0.4141267,39.4968926
571441939,BENIMAMET,-0.4239528,39.4966968
571441947,BENIMAMET,-0.4244421,39.4970106
571522873,BENIMAMET,-0.4156781,39.502979
571522875,BENIMAMET,-0.4148436,39.5028659
571522885,BENIMAMET,-0.4167139,39.5034342
618998852,BENIMAMET,-0.4191798,39.5048362
1827821396,BENIMAMET,-0.4282392,39.4979035
3915229492,BENIMAMET,-0.4216586,39.5061835
4237298095,BENIMAMET,-0.422377,39.5065079
4771545571,BENIMAMET,-0.430637,39.5029863
9415040939,BENIMAMET,-0.417429,39.5037989
9444526762,BENIMAMET,-0.4130108,39.5021769
11830449040,BENIMAMET,-0.425756,39.5071275
11830452834,BENIMAMET,-0.430233,39.5018932
12450895146,BENIMAMET,-0.4124243,39.4980626
344427744,BENIMAMET,-0.4215085,39.4965554
571441928,BENIMAMET,-0.4253407,39.4970137
571441929,BENIMAMET,-0.4253411,39.4965029
571441933,BENIMAMET,-0.4253411,39.4958488
2215505539,BENIMAMET,-0.4258946,39.4954785
74030680,NOU MOLES,-0.405062,39.4705692
74031747,NOU MOLES,-0.4054229,39.4723135
82530320,NOU MOLES,-0.3959832,39.4751577
104413677,NOU MOLES,-0.3914686,39.4690707
104413803,NOU MOLES,-0.4052938,39.4699699
111200255,NOU MOLES,-0.3950543,39.4738956
111200258,NOU MOLES,-0.3932233,39.4712716
111200276,NOU MOLES,-0.3904598,39.4671543
123789797,NOU MOLES,-0.3910153,39.4682038
126094014,NOU MOLES,-0.3925926,39.467457
231516875,NOU MOLES,-0.3926934,39.4706023
231516900,NOU MOLES,-0.3906937,39.467821
254902025,NOU MOLES,-0.3952919,39.4679376
254902053,NOU MOLES,-0.3932688,39.4675781
255099263,NOU MOLES,-0.39436,39.4728837
255099397,NOU MOLES,-0.3996133,39.4688159
255099445,NOU MOLES,-0.3938881,39.4722183
256626912,NOU MOLES,-0.4068562,39.4728773
256626917,NOU MOLES,-0.4059746,39.4725441
480791821,NOU MOLES,-0.4029644,39.4693895
992003879,NOU MOLES,-0.3989945,39.468706
1567974736,NOU MOLES,-0.4009853,39.4690698
1567974738,NOU MOLES,-0.4003604,39.4688551
1567974756,NOU MOLES,-0.3983964,39.4685119
1877436732,NOU MOLES,-0.3935859,39.4717717
2821231916,NOU MOLES,-0.396441,39.4681694
9174223718,NOU MOLES,-0.40523,39.4713768
9388742444,NOU MOLES,-0.3946758,39.4732968
10109355323,NOU MOLES,-0.3943004,39.4677678
11579728035,NOU MOLES,-0.4038769,39.4695605
1326293568,NOU MOLES,-0.4069868,39.4734658
1561111589,NOU MOLES,-0.4061711,39.4735976
2736281287,NOU MOLES,-0.4008565,39.4747688
2736281303,NOU MOLES,-0.3983625,39.4751804
2736281305,NOU MOLES,-0.3973239,39.4753821
2820200389,NOU MOLES,-0.4048432,39.4738374
2820200391,NOU MOLES,-0.4031668,39.4741805
2821144676,NOU MOLES,-0.404266,39.4740913
6868146196,NOU MOLES,-0.3916761,39.467292
6970135538,NOU MOLES,-0.3995128,39.4749301
8923287764,NOU MOLES,-0.4017579,39.474489
10076729904,NOU MOLES,-0.4055013,39.4737575
88428527,CABANYAL-CANYAMELAR,-0.3282704,39.4630028
88428531,CABANYAL-CANYAMELAR,-0.3273441,39.4630999
88428534,CABANYAL-CANYAMELAR,-0.3259744,39.4631026
88428789,CABANYAL-CANYAMELAR,-0.3251598,39.463098
99503602,CABANYAL-CANYAMELAR,-0.3352326,39.4668643
99503654,CABANYAL-CANYAMELAR,-0.3362679,39.4639645
106334582,CABANYAL-CANYAMELAR,-0.3333164,39.4761033
132152572,CABANYAL-CANYAMELAR,-0.3242981,39.4630954
132194516,CABANYAL-CANYAMELAR,-0.3256611,39.4746026
132194674,CABANYAL-CANYAMELAR,-0.3328356,39.4763623
132194821,CABANYAL-CANYAMELAR,-0.3247792,39.4745401
253312448,CABANYAL-CANYAMELAR,-0.3341356,39.472842
253312713,CABANYAL-CANYAMELAR,-0.3339524,39.4738201
253318523,CABANYAL-CANYAMELAR,-0.3337166,39.4750212
253487890,CABANYAL-CANYAMELAR,-0.3354774,39.4659446
253488398,CABANYAL-CANYAMELAR,-0.3349693,39.4685138
254016442,CABANYAL-CANYAMELAR,-0.333844,39.4743536
254021862,CABANYAL-CANYAMELAR,-0.3342047,39.471659
430152405,CABANYAL-CANYAMELAR,-0.3307459,39.4629582
430152411,CABANYAL-CANYAMELAR,-0.3315338,39.4629961
430152414,CABANYAL-CANYAMELAR,-0.3322688,39.4630622
430152416,CABANYAL-CANYAMELAR,-0.3336898,39.4632939
430152420,CABANYAL-CANYAMELAR,-0.3351859,39.4635038
430152421,CABANYAL-CANYAMELAR,-0.3358629,39.4636045
505359517,CABANYAL-CANYAMELAR,-0.3296427,39.4628583
660870782,CABANYAL-CANYAMELAR,-0.3236978,39.4630749
1339801748,CABANYAL-CANYAMELAR,-0.3289,39.4628595
1578871854,CABANYAL-CANYAMELAR,-0.3351167,39.4676003
1970146625,CABANYAL-CANYAMELAR,-0.3334774,39.4754892
3312513583,CABANYAL-CANYAMELAR,-0.3287097,39.4750449
3312513593,CABANYAL-CANYAMELAR,-0.3263552,39.4745754
3312513641,CABANYAL-CANYAMELAR,-0.3276113,39.4747566
7703806608,CABANYAL-CANYAMELAR,-0.3361874,39.4644308
11107591049,CABANYAL-CANYAMELAR,-0.3349828,39.4702507
11107591082,CABANYAL-CANYAMELAR,-0.3349152,39.4697142
132152594,CABANYAL-CANYAMELAR,-0.3229077,39.4630728
1578314791,CABANYAL-CANYAMELAR,-0.3330831,39.4632062
1641929510,CABANYAL-CANYAMELAR,-0.3243086,39.4736647
4077510728,CABANYAL-CANYAMELAR,-0.3230093,39.4677563
8037871121,CABANYAL-CANYAMELAR,-0.3299179,39.4754252
9950625462,CABANYAL-CANYAMELAR,-0.3226772,39.464303
10169019790,CABANYAL-CANYAMELAR,-0.3227333,39.4636526
10285294617,CABANYAL-CANYAMELAR,-0.3232284,39.4684559
62858527,VARA DE QUART,-0.4060702,39.4548292
96088431,VARA DE QUART,-0.4052784,39.4635159
100997235,VARA DE QUART,-0.4077049,39.453584
101008282,VARA DE QUART,-0.4082488,39.4531281
110418515,VARA DE QUART,-0.4030517,39.4576532
110423134,VARA DE QUART,-0.4021192,39.4585318
254992916,VARA DE QUART,-0.4009581,39.4637156
254992941,VARA DE QUART,-0.4035251,39.4635987
255007077,VARA DE QUART,-0.3973805,39.4630758
255007102,VARA DE QUART,-0.3999773,39.4604183
255007129,VARA DE QUART,-0.3974347,39.4638632
255007132,VARA DE QUART,-0.3980331,39.4638347
255007133,VARA DE QUART,-0.3979422,39.4622818
255007134,VARA DE QUART,-0.3995088,39.463773
255007135,VARA DE QUART,-0.3986737,39.4616063
255007139,VARA DE QUART,-0.4007093,39.4597418
255007140,VARA DE QUART,-0.3995379,39.4608065
255007144,VARA DE QUART,-0.401847,39.4636753
255007145,VARA DE QUART,-0.4012699,39.4592302
255007174,VARA DE QUART,-0.4002753,39.463741
255007183,VARA DE QUART,-0.4079971,39.4634163
255007185,VARA DE QUART,-0.4099843,39.4633208
255963442,VARA DE QUART,-0.4086383,39.4526678
1113130262,VARA DE QUART,-0.404562,39.4560126
1562574545,VARA DE QUART,-0.4135327,39.4615477
1562574593,VARA DE QUART,-0.4129006,39.4631072
1562662221,VARA DE QUART,-0.4041343,39.45653
1562662232,VARA DE QUART,-0.4037494,39.4569168
1562662237,VARA DE QUART,-0.4053491,39.4554954
1567902378,VARA DE QUART,-0.406038,39.4634113
2633549005,VARA DE QUART,-0.4121277,39.4630986
10842026087,VARA DE QUART,-0.4092866,39.4632788
11833026346,VARA DE QUART,-0.4065354,39.4545018
9212119805,VARA DE QUART,-0.4139673,39.4604808
25767505,TRINITAT,-0.3678015,39.477135
69573313,TRINITAT,-0.3729743,39.4814743
69574051,TRINITAT,-0.3735408,39.480501
69577548,TRINITAT,-0.364631,39.4829662
69577552,TRINITAT,-0.372364,39.4825259
69578929,TRINITAT,-0.3638774,39.4845365
128249486,TRINITAT,-0.3706392,39.4852439
132029967,TRINITAT,-0.3635564,39.4852282
132029980,TRINITAT,-0.3652473,39.4857061
132030022,TRINITAT,-0.368259,39.4864558
132030032,TRINITAT,-0.3665697,39.485985
364683931,TRINITAT,-0.3717464,39.4835474
1326293530,TRINITAT,-0.3698448,39.4862147
6611653652,TRINITAT,-0.3673172,39.4775422
9235238767,TRINITAT,-0.3672321,39.4861723
317846171,TRINITAT,-0.3725944,39.4784565
319338005,TRINITAT,-0.3698178,39.4766937
1064816381,TRINITAT,-0.3689502,39.4764109
1064831002,TRINITAT,-0.3707282,39.4773014
1064831003,TRINITAT,-0.3718273,39.477978
1554039317,TRINITAT,-0.3740058,39.4798589
2742863069,TRINITAT,-0.3731009,39.4787384
6611658812,TRINITAT,-0.3664846,39.4794604
7195974006,TRINITAT,-0.3657035,39.4808045
7195974007,TRINITAT,-0.3652076,39.4818042
10093728694,TRINITAT,-0.3684562,39.4769732
10856025486,TRINITAT,-0.3713572,39.4840663
11536783021,TRINITAT,-0.3651048,39.4823095
11598576131,TRINITAT,-0.3658396,39.4858118
11602334371,TRINITAT,-0.3691987,39.4863548
11602334707,TRINITAT,-0.3708906,39.4847521
105958128,SANT MARCEL.LI,-0.3858996,39.4478447
105958148,SANT MARCEL.LI,-0.392082,39.4476937
105958181,SANT MARCEL.LI,-0.3861248,39.4470145
105958209,SANT MARCEL.LI,-0.3866447,39.4457024
105958234,SANT MARCEL.LI,-0.3876777,39.4430814
105958328,SANT MARCEL.LI,-0.3896775,39.4477261
111164261,SANT MARCEL.LI,-0.3879072,39.4424679
255312376,SANT MARCEL.LI,-0.3937727,39.4434576
255312378,SANT MARCEL.LI,-0.3930292,39.4453848
255312379,SANT MARCEL.LI,-0.3925004,39.4467476
255317519,SANT MARCEL.LI,-0.3871881,39.4443131
1195267187,SANT MARCEL.LI,-0.3892624,39.4424174
1562048648,SANT MARCEL.LI,-0.3883379,39.4421324
2821185072,SANT MARCEL.LI,-0.3904702,39.4422462
2821185324,SANT MARCEL.LI,-0.3862378,39.446338
6610467044,SANT MARCEL.LI,-0.393393,39.4444507
7007625621,SANT MARCEL.LI,-0.3887576,39.4477466
7008786347,SANT MARCEL.LI,-0.3876933,39.4477753
7010652238,SANT MARCEL.LI,-0.387023,39.4477538
69572837,L'AMISTAT,-0.3521844,39.4752233
69576777,L'AMISTAT,-0.3482017,39.4740478
131943240,L'AMISTAT,-0.3543088,39.4716811
131964503,L'AMISTAT,-0.3494272,39.4701412
249507401,L'AMISTAT,-0.3531673,39.4739985
249507432,L'AMISTAT,-0.3537712,39.4727647
250293058,L'AMISTAT,-0.3524176,39.4709662
250293075,L'AMISTAT,-0.3496724,39.4744232
253488190,L'AMISTAT,-0.3487667,39.4714577
253488439,L'AMISTAT,-0.3483122,39.4725593
253496559,L'AMISTAT,-0.3490942,39.4706378
2507729838,L'AMISTAT,-0.348135,39.4733124
6443891871,L'AMISTAT,-0.3503178,39.4746123
7834505695,L'AMISTAT,-0.3527075,39.4749361
11465724629,L'AMISTAT,-0.3510496,39.4748295
11466508532,L'AMISTAT,-0.3538192,39.471379
29173700,ARRANCAPINS,-0.3791743,39.4631847
29834277,ARRANCAPINS,-0.3801687,39.4636608
29834278,ARRANCAPINS,-0.3805213,39.4640875
29834279,ARRANCAPINS,-0.3814487,39.4655435
29834290,ARRANCAPINS,-0.3831202,39.4679613
29834292,ARRANCAPINS,-0.3862097,39.4717228
30886302,ARRANCAPINS,-0.3854981,39.4712193
30886303,ARRANCAPINS,-0.3848642,39.4703908
30886304,ARRANCAPINS,-0.3841123,39.4693285
30886305,ARRANCAPINS,-0.3836314,39.4686725
30886306,ARRANCAPINS,-0.382564,39.467172
30886307,ARRANCAPINS,-0.3822632,39.4667134
34366764,ARRANCAPINS,-0.3807866,39.4645383
79547034,ARRANCAPINS,-0.3782779,39.4630666
96077593,ARRANCAPINS,-0.3867101,39.4623762
104413677,ARRANCAPINS,-0.3914686,39.4690707
105811181,ARRANCAPINS,-0.3899684,39.4669743
111132052,ARRANCAPINS,-0.3877649,39.4638586
111132077,ARRANCAPINS,-0.3881918,39.4644637
111132130,ARRANCAPINS,-0.3821431,39.4559188
111148812,ARRANCAPINS,-0.3834082,39.4575624
111148825,ARRANCAPINS,-0.383247,39.4588207
112137666,ARRANCAPINS,-0.385787,39.4610754
112184569,ARRANCAPINS,-0.384586,39.4593844
112184588,ARRANCAPINS,-0.3832724,39.4599466
123789782,ARRANCAPINS,-0.3900484,39.4693566
123789793,ARRANCAPINS,-0.3908307,39.4681694
127721316,ARRANCAPINS,-0.3870262,39.4628205
129570629,ARRANCAPINS,-0.3874568,39.4707258
129588875,ARRANCAPINS,-0.3884194,39.4698268
168356747,ARRANCAPINS,-0.3845633,39.4699008
231516861,ARRANCAPINS,-0.3885922,39.4650138
1094274317,ARRANCAPINS,-0.3853775,39.4604928
1596519493,ARRANCAPINS,-0.3831182,39.4570876
1596519494,ARRANCAPINS,-0.3833468,39.4582904
1596581903,ARRANCAPINS,-0.3830804,39.4594195
3283697268,ARRANCAPINS,-0.3894545,39.4662431
3906225994,ARRANCAPINS,-0.3809749,39.4553985
6232377116,ARRANCAPINS,-0.3817695,39.4660114
9388743218,ARRANCAPINS,-0.3911455,39.4686101
10201623567,ARRANCAPINS,-0.3810614,39.4650004
11362480848,ARRANCAPINS,-0.3861923,39.4616465
69575463,SANT PAU,-0.4022054,39.4942853
69578748,SANT PAU,-0.3996337,39.4906632
97168106,SANT PAU,-0.4013559,39.4827484
97168113,SANT PAU,-0.4014568,39.4834114
97170156,SANT PAU,-0.4006832,39.4837234
107502441,SANT PAU,-0.4010486,39.4822018
107502521,SANT PAU,-0.4000716,39.4783516
107502525,SANT PAU,-0.3986263,39.4788072
111895197,SANT PAU,-0.3962946,39.4860726
111903396,SANT PAU,-0.3990369,39.4897164
111903406,SANT PAU,-0.3982051,39.4885713
111924829,SANT PAU,-0.4079005,39.4923101
111972185,SANT PAU,-0.4114948,39.496001
115578449,SANT PAU,-0.409956,39.4942773
115579293,SANT PAU,-0.4108593,39.4953368
247177596,SANT PAU,-0.3979515,39.484942
248160249,SANT PAU,-0.3998422,39.4808198
248160262,SANT PAU,-0.4004453,39.4813744
248160275,SANT PAU,-0.3995306,39.4803401
248160498,SANT PAU,-0.3991947,39.4844053
256627639,SANT PAU,-0.3997805,39.4773947
256627672,SANT PAU,-0.3996031,39.4768538
256627696,SANT PAU,-0.3992086,39.4759444
257428790,SANT PAU,-0.3993418,39.4786298
442029714,SANT PAU,-0.4030306,39.4942633
530276985,SANT PAU,-0.4001441,39.4839934
1883251415,SANT PAU,-0.4041697,39.4939302
1883251441,SANT PAU,-0.4068248,39.4928141
1884672250,SANT PAU,-0.4010711,39.4925526
2023503976,SANT PAU,-0.4085337,39.4924695
10158916325,SANT PAU,-0.3965975,39.4855106
576708621,SANT PAU,-0.4072452,39.4736232
1326293103,SANT PAU,-0.4090221,39.4740353
1326293127,SANT PAU,-0.4102154,39.474821
1326293416,SANT PAU,-0.410208,39.4756552
1561103021,SANT PAU,-0.4083842,39.4738488
1561111589,SANT PAU,-0.4061711,39.4735976
1572983247,SANT PAU,-0.4113935,39.4817871
1686039600,SANT PAU,-0.4096719,39.4744632
1834807842,SANT PAU,-0.4107669,39.4812204
2820200388,SANT PAU,-0.4054389,39.4738845
2820200389,SANT PAU,-0.4048432,39.4738374
2820200812,SANT PAU,-0.4031783,39.4742398
3908252928,SANT PAU,-0.4121573,39.479623
11698449795,SANT PAU,-0.3999829,39.4778411
98833201,TORREFIEL,-0.3745958,39.4918546
111821595,TORREFIEL,-0.379277,39.4990294
111821599,TORREFIEL,-0.3786532,39.499154
111821630,TORREFIEL,-0.3744325,39.499083
181300780,TORREFIEL,-0.3784239,39.491023
251048582,TORREFIEL,-0.3800938,39.4938924
251049216,TORREFIEL,-0.3807113,39.4957824
252329876,TORREFIEL,-0.3739834,39.4921353
252330142,TORREFIEL,-0.3722976,39.494365
252330144,TORREFIEL,-0.3716092,39.4951479
252330146,TORREFIEL,-0.3710051,39.4962975
252629817,TORREFIEL,-0.3802602,39.4947582
252629819,TORREFIEL,-0.381078,39.496636
257607984,TORREFIEL,-0.3832953,39.4932047
257607987,TORREFIEL,-0.3810311,39.4936908
257607997,TORREFIEL,-0.3819534,39.4903439
257608003,TORREFIEL,-0.3754586,39.4918098
257608004,TORREFIEL,-0.3763686,39.4916034
257608007,TORREFIEL,-0.3774283,39.4913419
257608034,TORREFIEL,-0.3795537,39.4908763
257608035,TORREFIEL,-0.380504,39.4906653
257608036,TORREFIEL,-0.3824669,39.4913598
257608037,TORREFIEL,-0.3828397,39.492352
257608573,TORREFIEL,-0.3812939,39.4972701
257608633,TORREFIEL,-0.3712812,39.4983208
257608636,TORREFIEL,-0.3715943,39.497712
257608637,TORREFIEL,-0.3718585,39.4970265
257821254,TORREFIEL,-0.3710342,39.4948604
257821366,TORREFIEL,-0.3702331,39.4960159
1131055211,TORREFIEL,-0.3824387,39.493388
1341008527,TORREFIEL,-0.3778255,39.4992668
1341008644,TORREFIEL,-0.3767005,39.4993283
1584186860,TORREFIEL,-0.3734183,39.4931538
1973990874,TORREFIEL,-0.3818603,39.4935124
3181521182,TORREFIEL,-0.3813583,39.4985649
9409980527,TORREFIEL,-0.375505,39.4992397
11579011888,TORREFIEL,-0.3708496,39.496799
12180585045,TORREFIEL,-0.3813713,39.4905428
111821481,ELS ORRIOLS,-0.3690673,39.4978238
132010561,ELS ORRIOLS,-0.3714639,39.4903279
132071464,ELS ORRIOLS,-0.3684368,39.4880773
251045830,ELS ORRIOLS,-0.3727662,39.4913411
251045865,ELS ORRIOLS,-0.3722717,39.4909586
252329874,ELS ORRIOLS,-0.3732787,39.4916965
252329875,ELS ORRIOLS,-0.3737412,39.4920144
252330139,ELS ORRIOLS,-0.3727381,39.4940484
252330142,ELS ORRIOLS,-0.3722976,39.494365
252330144,ELS ORRIOLS,-0.3716092,39.4951479
252330146,ELS ORRIOLS,-0.3710051,39.4962975
252330147,ELS ORRIOLS,-0.3707633,39.4967786
252330152,ELS ORRIOLS,-0.3704325,39.4981791
252330156,ELS ORRIOLS,-0.370216,39.4994033
252650205,ELS ORRIOLS,-0.3672709,39.4887866
257608632,ELS ORRIOLS,-0.37109,39.4983513
257821207,ELS ORRIOLS,-0.3670676,39.4957867
257821212,ELS ORRIOLS,-0.368286,39.4966177
257821231,ELS ORRIOLS,-0.3690994,39.4917856
257821233,ELS ORRIOLS,-0.3681994,39.4926788
257821254,ELS ORRIOLS,-0.3710342,39.4948604
257821293,ELS ORRIOLS,-0.3690242,39.4902457
257821304,ELS ORRIOLS,-0.3701506,39.4893515
257821306,ELS ORRIOLS,-0.3673172,39.4934061
257821325,ELS ORRIOLS,-0.3686129,39.4909581
257821356,ELS ORRIOLS,-0.3676683,39.4952531
257821364,ELS ORRIOLS,-0.3681237,39.4948428
257821366,ELS ORRIOLS,-0.3702331,39.4960159
257821368,ELS ORRIOLS,-0.366601,39.4949622
257821370,ELS ORRIOLS,-0.3677473,39.493715
257821374,ELS ORRIOLS,-0.3683715,39.4941611
1584190760,ELS ORRIOLS,-0.369302,39.4887217
1624665619,ELS ORRIOLS,-0.368573,39.4922628
6004906470,ELS ORRIOLS,-0.3717852,39.4970076
6004906471,ELS ORRIOLS,-0.3715204,39.4976942
11577209780,ELS ORRIOLS,-0.3734114,39.4929859
11581738117,ELS ORRIOLS,-0.3678209,39.4893699
11585687204,ELS ORRIOLS,-0.3678502,39.4970109
110317239,ALBORS,-0.354582,39.4711056
110575293,ALBORS,-0.3564823,39.4670403
131964575,ALBORS,-0.3495654,39.4700415
249528514,ALBORS,-0.3549736,39.4703209
249528556,ALBORS,-0.3554602,39.469326
250293058,ALBORS,-0.3524176,39.4709662
252108711,ALBORS,-0.3531111,39.4660384
252108712,ALBORS,-0.3511596,39.4704708
252108718,ALBORS,-0.3554912,39.4667457
252108755,ALBORS,-0.3497513,39.4690248
252108767,ALBORS,-0.3556558,39.4687039
252108771,ALBORS,-0.3549064,39.466572
253487851,ALBORS,-0.3484019,39.4696629
253488516,ALBORS,-0.3487758,39.4687409
430012837,ALBORS,-0.3513463,39.4656487
1774851078,ALBORS,-0.3533497,39.4711183
1870400745,ALBORS,-0.3539861,39.4713005
5299079382,ALBORS,-0.3503216,39.4678215
5299079341,ALBORS,-0.3508113,39.4666695
12111507576,ALBORS,-0.3540178,39.4664247
96077593,LA RAIOSA,-0.3867101,39.4623762
96077594,LA RAIOSA,-0.3883904,39.4604058
96078136,LA RAIOSA,-0.3882819,39.45956
105958296,LA RAIOSA,-0.3888198,39.4556138
105958298,LA RAIOSA,-0.3872435,39.4548866
108004994,LA RAIOSA,-0.3901434,39.4565827
111148812,LA RAIOSA,-0.3834082,39.4575624
112137615,LA RAIOSA,-0.3895481,39.4560114
112137672,LA RAIOSA,-0.3854219,39.4603778
112137698,LA RAIOSA,-0.3890998,39.458376
112137718,LA RAIOSA,-0.3893824,39.4579586
112137737,LA RAIOSA,-0.3885843,39.4591412
112137747,LA RAIOSA,-0.3896613,39.457545
112137751,LA RAIOSA,-0.3899247,39.4571382
112137831,LA RAIOSA,-0.3864125,39.4543806
112184569,LA RAIOSA,-0.384586,39.4593844
112184588,LA RAIOSA,-0.3832724,39.4599466
112184696,LA RAIOSA,-0.3880228,39.4621819
112184719,LA RAIOSA,-0.3881283,39.4552979
113391231,LA RAIOSA,-0.3827927,39.4565888
113391266,LA RAIOSA,-0.3816186,39.4552523
113391387,LA RAIOSA,-0.3815507,39.4546968
113391403,LA RAIOSA,-0.3841348,39.4550791
254902088,LA RAIOSA,-0.3880803,39.4607999
666267994,LA RAIOSA,-0.3889091,39.4599351
1596519493,LA RAIOSA,-0.3831182,39.4570876
3908273788,LA RAIOSA,-0.3874819,39.4614858
7036940923,LA RAIOSA,-0.3826415,39.4548767
7982317227,LA RAIOSA,-0.3824714,39.4561615
9235588555,LA RAIOSA,-0.3858796,39.4610174
11362480849,LA RAIOSA,-0.3862941,39.4616046
6227708713,LA RAIOSA,-0.3844783,39.4538475
6227711727,LA RAIOSA,-0.3831025,39.4593404
6232402420,LA RAIOSA,-0.3834255,39.4585417
10037189553,LA RAIOSA,-0.3843295,39.4546243
88429285,PENYA-ROJA,-0.3579573,39.464024
88429289,PENYA-ROJA,-0.3477059,39.4608353
88429496,PENYA-ROJA,-0.3591517,39.4634894
99503706,PENYA-ROJA,-0.3423795,39.4595528
116761485,PENYA-ROJA,-0.3437082,39.458563
252114079,PENYA-ROJA,-0.3523488,39.4631513
252114082,PENYA-ROJA,-0.357074,39.4658142
252114083,PENYA-ROJA,-0.3555761,39.4648133
252114090,PENYA-ROJA,-0.3560979,39.4651771
253237158,PENYA-ROJA,-0.3524626,39.4622539
253705167,PENYA-ROJA,-0.3515351,39.4619748
253705180,PENYA-ROJA,-0.3489027,39.461182
253705197,PENYA-ROJA,-0.3467772,39.460605
253705200,PENYA-ROJA,-0.342968,39.4596957
253705204,PENYA-ROJA,-0.3442227,39.459998
253705250,PENYA-ROJA,-0.3455436,39.4603093
254010000,PENYA-ROJA,-0.3500779,39.4615405
254010171,PENYA-ROJA,-0.3432216,39.4582533
4078520106,PENYA-ROJA,-0.3431961,39.4590438
4411535900,PENYA-ROJA,-0.3541957,39.463694
10132346418,PENYA-ROJA,-0.3410031,39.4578684
429785096,PENYA-ROJA,-0.3582333,39.4605622
1334394341,PENYA-ROJA,-0.3540589,39.4586795
1565499929,PENYA-ROJA,-0.3485313,39.455212
1565512259,PENYA-ROJA,-0.3530665,39.4581083
1565512318,PENYA-ROJA,-0.3567954,39.4597099
1565512319,PENYA-ROJA,-0.3551371,39.4594108
1565512337,PENYA-ROJA,-0.3577112,39.4600604
1565512370,PENYA-ROJA,-0.354479,39.4590128
1565687277,PENYA-ROJA,-0.3504701,39.4565696
1565687305,PENYA-ROJA,-0.3512452,39.4570003
1565687393,PENYA-ROJA,-0.3495046,39.4558607
1565687932,PENYA-ROJA,-0.3490136,39.4555527
1565688482,PENYA-ROJA,-0.351728,39.4572969
1565858629,PENYA-ROJA,-0.3560353,39.4596729
6157377999,PENYA-ROJA,-0.3472317,39.4545088
9852855860,PENYA-ROJA,-0.3597741,39.463095
10126727421,PENYA-ROJA,-0.3583641,39.4610447
99503602,L'ILLA PERDUDA,-0.3352326,39.4668643
99503604,L'ILLA PERDUDA,-0.3354108,39.4661269
253318380,L'ILLA PERDUDA,-0.3420295,39.4719432
253487835,L'ILLA PERDUDA,-0.3373049,39.4665891
253487837,L'ILLA PERDUDA,-0.3393137,39.4671759
253487840,L'ILLA PERDUDA,-0.3432664,39.4683032
253487843,L'ILLA PERDUDA,-0.3436635,39.4687115
253487878,L'ILLA PERDUDA,-0.3418104,39.4678095
253487888,L'ILLA PERDUDA,-0.3362823,39.466183
253488114,L'ILLA PERDUDA,-0.3432067,39.4697507
253488131,L'ILLA PERDUDA,-0.3426614,39.4708735
253488215,L'ILLA PERDUDA,-0.3386859,39.4687442
253488376,L'ILLA PERDUDA,-0.3373947,39.4686876
253488392,L'ILLA PERDUDA,-0.3398496,39.4689455
253488395,L'ILLA PERDUDA,-0.3363177,39.4686093
253488396,L'ILLA PERDUDA,-0.335617,39.4685598
253488398,L'ILLA PERDUDA,-0.3349693,39.4685138
253488432,L'ILLA PERDUDA,-0.3393844,39.4699082
253488433,L'ILLA PERDUDA,-0.3388495,39.4710067
253488434,L'ILLA PERDUDA,-0.3401192,39.4701284
1578447355,L'ILLA PERDUDA,-0.3406809,39.4675751
1578871854,L'ILLA PERDUDA,-0.3351167,39.4676003
6459132641,L'ILLA PERDUDA,-0.3409051,39.4719177
6459132649,L'ILLA PERDUDA,-0.3399887,39.4716453
6459132658,L'ILLA PERDUDA,-0.3395058,39.4713792
11511861964,L'ILLA PERDUDA,-0.3434173,39.4691354
12168245627,L'ILLA PERDUDA,-0.3351373,39.4680518
25767304,EL MERCAT,-0.3778363,39.4708992
29935866,EL MERCAT,-0.3807713,39.4727313
29935867,EL MERCAT,-0.3797295,39.4719632
30065887,EL MERCAT,-0.380252,39.4723725
30378545,EL MERCAT,-0.3811287,39.4748923
30378578,EL MERCAT,-0.3811409,39.4762225
30378580,EL MERCAT,-0.3804745,39.4762952
30378584,EL MERCAT,-0.3808025,39.4753719
33225025,EL MERCAT,-0.3771851,39.471765
7310489656,EL MERCAT,-0.3775316,39.4713076
29935887,EL MERCAT,-0.3804755,39.4731505
30378519,EL MERCAT,-0.3812346,39.4737737
30378529,EL MERCAT,-0.3812939,39.4744216
33214671,EL MERCAT,-0.378879,39.4715535
55597201,EL MERCAT,-0.3763008,39.4728824
59766853,EL MERCAT,-0.3765918,39.473917
59766891,EL MERCAT,-0.3759032,39.4734124
59836748,EL MERCAT,-0.377061,39.4744211
60191920,EL MERCAT,-0.377678,39.475386
60191924,EL MERCAT,-0.3783138,39.4757023
60191928,EL MERCAT,-0.3791215,39.4756306
60191936,EL MERCAT,-0.3797955,39.4764303
90693917,EL MERCAT,-0.3769213,39.4752198
90694101,EL MERCAT,-0.3791701,39.47623
569810152,EL MERCAT,-0.3769799,39.4721864
7024437144,EL MERCAT,-0.3759012,39.4738967
69575463,BENICALAP,-0.4022054,39.4942853
69577987,BENICALAP,-0.4019997,39.4948453
69578748,BENICALAP,-0.3996337,39.4906632
69579038,BENICALAP,-0.3950425,39.4847536
97170161,BENICALAP,-0.3934158,39.4869097
97171215,BENICALAP,-0.3896853,39.4884735
105865305,BENICALAP,-0.4003275,39.4954684
105882206,BENICALAP,-0.3966446,39.4954866
105882263,BENICALAP,-0.3943013,39.4969272
111895184,BENICALAP,-0.3958509,39.4855949
111895202,BENICALAP,-0.3903659,39.4883748
111903408,BENICALAP,-0.3981011,39.4887046
111968336,BENICALAP,-0.3863737,39.4978598
111968370,BENICALAP,-0.3856458,39.4976048
111968402,BENICALAP,-0.3846643,39.4979666
206354089,BENICALAP,-0.3868996,39.489121
206354175,BENICALAP,-0.3878825,39.4889061
243982692,BENICALAP,-0.3909411,39.4880179
243982709,BENICALAP,-0.3926057,39.4858046
243982715,BENICALAP,-0.3935669,39.4853887
251048582,BENICALAP,-0.3800938,39.4938924
251049216,BENICALAP,-0.3807113,39.4957824
252629817,BENICALAP,-0.3802602,39.4947582
252629819,BENICALAP,-0.381078,39.496636
252629820,BENICALAP,-0.3813031,39.4973513
252629840,BENICALAP,-0.3813072,39.4983819
257607890,BENICALAP,-0.3976652,39.495367
257607907,BENICALAP,-0.398841,39.495645
257607939,BENICALAP,-0.3996927,39.495199
257607940,BENICALAP,-0.3982869,39.4959643
257607984,BENICALAP,-0.3832953,39.4932047
257607986,BENICALAP,-0.3817409,39.4935381
257607987,BENICALAP,-0.3810311,39.4936908
257607989,BENICALAP,-0.3822989,39.4902693
257607998,BENICALAP,-0.3835024,39.4900336
257608036,BENICALAP,-0.3824669,39.4913598
257608037,BENICALAP,-0.3828397,39.492352
257608071,BENICALAP,-0.3960377,39.4958581
257608072,BENICALAP,-0.3951501,39.4964062
257608293,BENICALAP,-0.386134,39.4894346
257848746,BENICALAP,-0.3913927,39.4986734
257848769,BENICALAP,-0.3935421,39.4973788
257848784,BENICALAP,-0.3906123,39.4991441
257848800,BENICALAP,-0.390096,39.4994568
316570059,BENICALAP,-0.3955688,39.4851752
316570060,BENICALAP,-0.3965322,39.4864786
520768568,BENICALAP,-0.3853575,39.4895759
1341008524,BENICALAP,-0.3920242,39.498297
1341008544,BENICALAP,-0.3892704,39.4999489
1974060068,BENICALAP,-0.3824436,39.4908915
2298362901,BENICALAP,-0.3823614,39.4934046
6903111141,BENICALAP,-0.3989866,39.4898823
7282106244,BENICALAP,-0.3961321,39.4861053
10557278045,BENICALAP,-0.3930545,39.4976685
1884672250,BENICALAP,-0.4010711,39.4925526
11725757496,BENICALAP,-0.3970812,39.4958126
7647451010,LA SEU,-0.3727764,39.4769236
4374496651,LA SEU,-0.3756475,39.4789741
3717821861,LA SEU,-0.3710635,39.4769244
1867574438,LA SEU,-0.3745602,39.4792059
7598265130,LA SEU,-0.3716898,39.476758
59766893,LA SEU,-0.3767079,39.4739251
59766896,LA SEU,-0.3757207,39.473824
59836748,LA SEU,-0.377061,39.4744211
60191920,LA SEU,-0.377678,39.475386
60191924,LA SEU,-0.3783138,39.4757023
60191928,LA SEU,-0.3791215,39.4756306
60682643,LA SEU,-0.3744524,39.4739812
60707883,LA SEU,-0.3742593,39.4745133
60707897,LA SEU,-0.3738274,39.4753883
60707960,LA SEU,-0.3734775,39.475827
79451113,LA SEU,-0.3732533,39.4762709
85458488,LA SEU,-0.3768775,39.4773924
85459622,LA SEU,-0.3782717,39.4766584
87763815,LA SEU,-0.3764156,39.4784347
90693917,LA SEU,-0.3769213,39.4752198
90694101,LA SEU,-0.3791701,39.47623
1287585286,LA SEU,-0.3748383,39.4736411
1287585331,LA SEU,-0.3742609,39.4735253
6916634252,LA SEU,-0.3717661,39.4779403
106335099,BETERO,-0.3335326,39.4759896
253312448,BETERO,-0.3341356,39.472842
253312457,BETERO,-0.3370413,39.4737195
253312713,BETERO,-0.3339524,39.4738201
253318433,BETERO,-0.3375119,39.4726714
253318465,BETERO,-0.3380223,39.4713663
253318523,BETERO,-0.3337166,39.4750212
253488215,BETERO,-0.3386859,39.4687442
253488376,BETERO,-0.3373947,39.4686876
253488392,BETERO,-0.3398496,39.4689455
253488395,BETERO,-0.3363177,39.4686093
253488396,BETERO,-0.335617,39.4685598
253488398,BETERO,-0.3349693,39.4685138
253488432,BETERO,-0.3393844,39.4699082
253488433,BETERO,-0.3388495,39.4710067
254016442,BETERO,-0.333844,39.4743536
4420432904,BETERO,-0.3343257,39.4718557
10290034472,BETERO,-0.3357162,39.4762674
11107591049,BETERO,-0.3349828,39.4702507
11107591085,BETERO,-0.3350249,39.4696186
11107591087,BETERO,-0.3349082,39.4691192
11107591098,BETERO,-0.3344829,39.4712586
11222729992,BETERO,-0.3361506,39.4753832
11527771318,BETERO,-0.3375992,39.4721613
253496650,BETERO,-0.3402321,39.4698984
11521842797,BETERO,-0.3363864,39.4748937
25767304,SANT FRANCESC,-0.3778363,39.4708992
25767364,SANT FRANCESC,-0.3711453,39.4697119
25767369,SANT FRANCESC,-0.3737649,39.467883
25767438,SANT FRANCESC,-0.3727217,39.4715677
25767440,SANT FRANCESC,-0.3736974,39.4718464
25767444,SANT FRANCESC,-0.3743238,39.4718512
25767446,SANT FRANCESC,-0.3759395,39.4672787
25767469,SANT FRANCESC,-0.3687265,39.4718636
29935835,SANT FRANCESC,-0.3812531,39.4687188
29935836,SANT FRANCESC,-0.383482,39.4703683
29935867,SANT FRANCESC,-0.3797295,39.4719632
29935873,SANT FRANCESC,-0.3797051,39.4712161
30886266,SANT FRANCESC,-0.3820016,39.4692363
30886267,SANT FRANCESC,-0.382633,39.469727
30886320,SANT FRANCESC,-0.3797712,39.4682056
33225025,SANT FRANCESC,-0.3771851,39.471765
33358134,SANT FRANCESC,-0.3780669,39.4677832
33358136,SANT FRANCESC,-0.3787329,39.4679552
35594377,SANT FRANCESC,-0.3766959,39.4673769
35594410,SANT FRANCESC,-0.3767932,39.4721882
55597023,SANT FRANCESC,-0.3717961,39.4714523
55597139,SANT FRANCESC,-0.3708738,39.4722005
55597201,SANT FRANCESC,-0.3763008,39.4728824
55597207,SANT FRANCESC,-0.3758698,39.473457
56207858,SANT FRANCESC,-0.3700501,39.4722822
297664572,SANT FRANCESC,-0.3707077,39.4727468
1828082336,SANT FRANCESC,-0.3693172,39.4713004
4682062492,SANT FRANCESC,-0.3805634,39.4684329
6843975135,SANT FRANCESC,-0.372159,39.4691353
7310489656,SANT FRANCESC,-0.3775316,39.4713076
29935845,SANT FRANCESC,-0.3826674,39.4709269
29935876,SANT FRANCESC,-0.3806174,39.470992
29935881,SANT FRANCESC,-0.381478,39.4709535
33214671,SANT FRANCESC,-0.378879,39.4715535
55597015,SANT FRANCESC,-0.3716494,39.4720682
55597189,SANT FRANCESC,-0.3744512,39.472751
56207720,SANT FRANCESC,-0.3743062,39.4732021
57472006,SANT FRANCESC,-0.3752438,39.4730115
57472040,SANT FRANCESC,-0.3755404,39.4720755
57472046,SANT FRANCESC,-0.375527,39.4725583
57472198,SANT FRANCESC,-0.3749754,39.4718314
221280412,SANT FRANCESC,-0.3820633,39.4708066
1287585286,SANT FRANCESC,-0.3748383,39.4736411
5574601878,SANT FRANCESC,-0.3752649,39.4672265
5574601884,SANT FRANCESC,-0.3743202,39.4676071
6823543592,SANT FRANCESC,-0.370272,39.4705052
7107928794,SANT FRANCESC,-0.3773528,39.467547
25767480,EXPOSICIO,-0.3648664,39.4736524
25767505,EXPOSICIO,-0.3678015,39.477135
60545943,EXPOSICIO,-0.3642825,39.4739711
60545974,EXPOSICIO,-0.3587826,39.4756558
60545978,EXPOSICIO,-0.3668062,39.4784351
69573110,EXPOSICIO,-0.3663784,39.4794112
69576328,EXPOSICIO,-0.3582677,39.4767123
84975726,EXPOSICIO,-0.3596215,39.4746069
84975830,EXPOSICIO,-0.3585471,39.4761538
84975992,EXPOSICIO,-0.3626693,39.4738821
84976047,EXPOSICIO,-0.3608446,39.4733637
84976087,EXPOSICIO,-0.3633854,39.4740864
4437576421,EXPOSICIO,-0.3601805,39.4743091
6611653650,EXPOSICIO,-0.3671729,39.4776446
7195974005,EXPOSICIO,-0.361861,39.4736535
319337992,EXPOSICIO,-0.367326,39.4747711
1554039113,EXPOSICIO,-0.3685472,39.4762186
2670865965,EXPOSICIO,-0.3668749,39.474201
3252789035,EXPOSICIO,-0.3662697,39.4733951
6925807465,EXPOSICIO,-0.3665519,39.4737995
7637832392,EXPOSICIO,-0.365403,39.4790445
7687342271,EXPOSICIO,-0.3645829,39.4788047
9759716049,EXPOSICIO,-0.3617644,39.4780694
9759716066,EXPOSICIO,-0.360933,39.4777488
9759716075,EXPOSICIO,-0.360376,39.4775753
10050691745,EXPOSICIO,-0.3634192,39.4784668
10093728696,EXPOSICIO,-0.3686393,39.4768033
10174652166,EXPOSICIO,-0.3624918,39.4781982
11032421033,EXPOSICIO,-0.3595322,39.4772898
88428374,EL GRAU,-0.3302816,39.4627739
88429275,EL GRAU,-0.3403809,39.4591
99503639,EL GRAU,-0.3385727,39.4617299
132104493,EL GRAU,-0.3309451,39.4540349
132152585,EL GRAU,-0.3241819,39.4630681
253496771,EL GRAU,-0.3376919,39.4624377
253498451,EL GRAU,-0.3365269,39.4636297
253705151,EL GRAU,-0.3391351,39.4613821
254015071,EL GRAU,-0.3315857,39.4629002
254015124,EL GRAU,-0.3359058,39.4635158
254015127,EL GRAU,-0.3352107,39.4634046
254015144,EL GRAU,-0.3342259,39.4632265
254015149,EL GRAU,-0.3331228,39.4630934
254015158,EL GRAU,-0.3322509,39.4629759
505359517,EL GRAU,-0.3296427,39.4628583
1339801066,EL GRAU,-0.3287839,39.4628857
4294803157,EL GRAU,-0.3197397,39.4627056
9212933903,EL GRAU,-0.3405254,39.4585432
9212933913,EL GRAU,-0.3406293,39.4580668
88428789,EL GRAU,-0.3251598,39.463098
132153151,EL GRAU,-0.322821,39.4631001
318120960,EL GRAU,-0.3257618,39.4630029
1635485473,EL GRAU,-0.3255346,39.4571122
1635485483,EL GRAU,-0.326189,39.4564951
1635485485,EL GRAU,-0.3248372,39.4577853
1635485584,EL GRAU,-0.3240057,39.458595
5107254206,EL GRAU,-0.3412152,39.4550531
6844005339,EL GRAU,-0.3264022,39.4631047
9759753021,EL GRAU,-0.3233996,39.4630035
9759753066,EL GRAU,-0.3195483,39.4621027
10137621412,EL GRAU,-0.3249238,39.4613608
10873732489,EL GRAU,-0.3314921,39.4598033
10873732490,EL GRAU,-0.3306003,39.4587403
11811248795,EL GRAU,-0.3273218,39.4484332
12175270148,EL GRAU,-0.3273116,39.4630505
88429495,MONTOLIVET,-0.3608078,39.4631025
107246956,MONTOLIVET,-0.3623848,39.4626126
107569037,MONTOLIVET,-0.3589739,39.4594449
107596548,MONTOLIVET,-0.3614009,39.457535
107619789,MONTOLIVET,-0.3642772,39.4563072
108326597,MONTOLIVET,-0.3641778,39.4618519
111132203,MONTOLIVET,-0.367212,39.460484
111132209,MONTOLIVET,-0.3650092,39.4614155
112484594,MONTOLIVET,-0.3679899,39.4572254
112484679,MONTOLIVET,-0.3683929,39.4580386
112484688,MONTOLIVET,-0.3688667,39.4588375
112484712,MONTOLIVET,-0.3677209,39.4568078
112484740,MONTOLIVET,-0.36928,39.4596134
112485095,MONTOLIVET,-0.3672032,39.4559644
112814840,MONTOLIVET,-0.3683006,39.4601201
112814974,MONTOLIVET,-0.3630452,39.4622429
115577579,MONTOLIVET,-0.3661885,39.4609198
253815220,MONTOLIVET,-0.3601861,39.4580512
253815267,MONTOLIVET,-0.3623568,39.4571368
318121066,MONTOLIVET,-0.3593089,39.4584013
430294805,MONTOLIVET,-0.3637511,39.4565331
1342102498,MONTOLIVET,-0.365725,39.4556916
1342102542,MONTOLIVET,-0.3618176,39.4627651
5896569756,MONTOLIVET,-0.3650819,39.455964
5896569760,MONTOLIVET,-0.3629048,39.4569036
10767265343,MONTOLIVET,-0.3666467,39.4552991
299223594,MONTOLIVET,-0.3601359,39.4631603
318119773,MONTOLIVET,-0.3585131,39.4598304
429785096,MONTOLIVET,-0.3582333,39.4605622
6450464531,MONTOLIVET,-0.3580176,39.4600853
8499122604,MONTOLIVET,-0.3584748,39.4589585
10126727421,MONTOLIVET,-0.3583641,39.4610447
11780654125,MONTOLIVET,-0.3595434,39.4628433
11780654131,MONTOLIVET,-0.3591434,39.4623117
69578896,CIUTAT JARDI,-0.3476456,39.4742071
131964489,CIUTAT JARDI,-0.349308,39.4700668
253312484,CIUTAT JARDI,-0.3452119,39.4750114
253312485,CIUTAT JARDI,-0.3434464,39.4744958
253318380,CIUTAT JARDI,-0.3420295,39.4719432
253318384,CIUTAT JARDI,-0.3412575,39.4736804
253318410,CIUTAT JARDI,-0.3473787,39.4748423
253487843,CIUTAT JARDI,-0.3436635,39.4687115
253487849,CIUTAT JARDI,-0.3469614,39.4693668
253487851,CIUTAT JARDI,-0.3484019,39.4696629
253487857,CIUTAT JARDI,-0.3457011,39.4688923
253488114,CIUTAT JARDI,-0.3432067,39.4697507
253488131,CIUTAT JARDI,-0.3426614,39.4708735
253488161,CIUTAT JARDI,-0.3487011,39.4716139
253488439,CIUTAT JARDI,-0.3483122,39.4725593
253496559,CIUTAT JARDI,-0.3490942,39.4706378
430238721,CIUTAT JARDI,-0.344816,39.4686335
2507404248,CIUTAT JARDI,-0.3479473,39.4733989
11524524192,CIUTAT JARDI,-0.3445706,39.4748253
11525228384,CIUTAT JARDI,-0.3396727,39.471865
6459132641,CIUTAT JARDI,-0.3409051,39.4719177
7015750808,CIUTAT JARDI,-0.3401953,39.4733689
11511861964,CIUTAT JARDI,-0.3434173,39.4691354
11524524032,CIUTAT JARDI,-0.3429853,39.4741866
11525713786,CIUTAT JARDI,-0.3394193,39.4723007
69574960,LES TENDETES,-0.3817099,39.4827519
128249377,LES TENDETES,-0.3888112,39.4833578
128249603,LES TENDETES,-0.3851384,39.485024
191777655,LES TENDETES,-0.3829893,39.4834988
191777686,LES TENDETES,-0.3861757,39.4857394
191777691,LES TENDETES,-0.3836534,39.4839765
193553383,LES TENDETES,-0.3878745,39.4838462
193553424,LES TENDETES,-0.3867852,39.4805191
206357838,LES TENDETES,-0.3866894,39.4861682
243820500,LES TENDETES,-0.3873328,39.4865503
243820517,LES TENDETES,-0.3885586,39.4847019
243820538,LES TENDETES,-0.3880722,39.4860427
1064897615,LES TENDETES,-0.3856014,39.4800801
1554039369,LES TENDETES,-0.385057,39.4804507
2742862980,LES TENDETES,-0.3861274,39.4797166
5908208391,LES TENDETES,-0.3878545,39.4822498
11748417082,LES TENDETES,-0.38746,39.4816932
69574960,MARXALENES,-0.3817099,39.4827519
97163940,MARXALENES,-0.3892557,39.4886064
97163941,MARXALENES,-0.3857003,39.4893967
97180281,MARXALENES,-0.3789069,39.4835153
128249536,MARXALENES,-0.3785218,39.4856
128249603,MARXALENES,-0.3851384,39.485024
138318472,MARXALENES,-0.3787233,39.4848504
190122116,MARXALENES,-0.3838056,39.4884018
190122286,MARXALENES,-0.3802623,39.4874916
190122323,MARXALENES,-0.3794168,39.4877076
191777655,MARXALENES,-0.3829893,39.4834988
191777686,MARXALENES,-0.3861757,39.4857394
191777691,MARXALENES,-0.3836534,39.4839765
206354021,MARXALENES,-0.3881547,39.4874166
206354033,MARXALENES,-0.3863142,39.4892606
206354089,MARXALENES,-0.3868996,39.489121
206354175,MARXALENES,-0.3878825,39.4889061
206357838,MARXALENES,-0.3866894,39.4861682
1981350832,MARXALENES,-0.3782751,39.4860725
2456281991,MARXALENES,-0.3873046,39.4866634
11610176796,MARXALENES,-0.3790564,39.4867163
12166147165,MARXALENES,-0.3788497,39.4839782
206275853,MARXALENES,-0.3848327,39.4888519
1064897609,MARXALENES,-0.3789933,39.4820796
1981173469,MARXALENES,-0.3812612,39.487343
1981173644,MARXALENES,-0.3818875,39.4873934
4576301688,MARXALENES,-0.3789473,39.4827617
7012358717,MARXALENES,-0.380198,39.4820858
11708660881,MARXALENES,-0.3843286,39.4886062
105958128,LA CREU COBERTA,-0.3858996,39.4478447
105958306,LA CREU COBERTA,-0.3885315,39.4530852
105958314,LA CREU COBERTA,-0.3893602,39.4492492
112137466,LA CREU COBERTA,-0.3843832,39.4538367
112137814,LA CREU COBERTA,-0.3846414,39.4525469
112137839,LA CREU COBERTA,-0.3876496,39.4529228
112597121,LA CREU COBERTA,-0.3888518,39.4516119
112597143,LA CREU COBERTA,-0.3869292,39.4528287
112597160,LA CREU COBERTA,-0.3857521,39.4526928
113391403,LA CREU COBERTA,-0.3841348,39.4550791
255172141,LA CREU COBERTA,-0.389246,39.4497774
255172209,LA CREU COBERTA,-0.3842681,39.4544146
10902174230,LA CREU COBERTA,-0.3865249,39.4478849
105958328,LA CREU COBERTA,-0.3896775,39.4477261
113391387,LA CREU COBERTA,-0.3815507,39.4546968
7007625621,LA CREU COBERTA,-0.3887576,39.4477466
7008786353,LA CREU COBERTA,-0.3880632,39.4477699
7036940922,LA CREU COBERTA,-0.3826744,39.4547377
7146010469,LA CREU COBERTA,-0.3889439,39.4505277
12400765873,LA CREU COBERTA,-0.3885111,39.4525915
12400765875,LA CREU COBERTA,-0.3886173,39.4521182
12400765881,LA CREU COBERTA,-0.3888448,39.4510217
106335504,LA MALVA-ROSA,-0.3329593,39.4764319
109552586,LA MALVA-ROSA,-0.3326036,39.480615
109552622,LA MALVA-ROSA,-0.3327104,39.4794862
132194516,LA MALVA-ROSA,-0.3256611,39.4746026
132194568,LA MALVA-ROSA,-0.3263806,39.4746761
132194582,LA MALVA-ROSA,-0.3275716,39.4748136
132194633,LA MALVA-ROSA,-0.3289922,39.4752566
132194659,LA MALVA-ROSA,-0.3299207,39.4755224
132194821,LA MALVA-ROSA,-0.3247792,39.4745401
254524225,LA MALVA-ROSA,-0.331712,39.4842181
254524227,LA MALVA-ROSA,-0.3322235,39.4822599
254526004,LA MALVA-ROSA,-0.3319283,39.4761009
254526010,LA MALVA-ROSA,-0.3306513,39.4757329
254526023,LA MALVA-ROSA,-0.3329876,39.4779624
1113580794,LA MALVA-ROSA,-0.3309436,39.4855644
1304743893,LA MALVA-ROSA,-0.3286646,39.4844183
2272178048,LA MALVA-ROSA,-0.3255289,39.4841419
3909618265,LA MALVA-ROSA,-0.326455,39.4842172
6082395645,LA MALVA-ROSA,-0.327715,39.4841983
6997545238,LA MALVA-ROSA,-0.3299271,39.4847894
9362923390,LA MALVA-ROSA,-0.3328565,39.4786638
10183466507,LA MALVA-ROSA,-0.3331881,39.4768535
254524339,LA MALVA-ROSA,-0.3322553,39.4814975
1641929416,LA MALVA-ROSA,-0.3245358,39.4829251
1641929426,LA MALVA-ROSA,-0.3242419,39.478692
1641929440,LA MALVA-ROSA,-0.3243717,39.4755611
1641929516,LA MALVA-ROSA,-0.3243705,39.4770592
10199686312,LA MALVA-ROSA,-0.3248206,39.4836614
10199737939,LA MALVA-ROSA,-0.3242513,39.4794362
10282286945,LA MALVA-ROSA,-0.324381,39.478199
109319409,CAMI DE VERA,-0.3508591,39.4819769
111821377,CAMI DE VERA,-0.357336,39.4938409
257843418,CAMI DE VERA,-0.3572552,39.4885841
257843420,CAMI DE VERA,-0.3602252,39.4890487
257843595,CAMI DE VERA,-0.3573782,39.4881214
257843614,CAMI DE VERA,-0.3578217,39.4887654
257843617,CAMI DE VERA,-0.3590106,39.4889085
257843670,CAMI DE VERA,-0.3587752,39.4919889
257843674,CAMI DE VERA,-0.3590282,39.4914698
257843728,CAMI DE VERA,-0.3583153,39.4928823
428941319,CAMI DE VERA,-0.3475437,39.4840881
442029989,CAMI DE VERA,-0.3579408,39.4936538
2324942860,CAMI DE VERA,-0.359619,39.4902581
3312513569,CAMI DE VERA,-0.3520421,39.4817703
4286326640,CAMI DE VERA,-0.3491871,39.4830314
8536158360,CAMI DE VERA,-0.3593011,39.4909129
10232720598,CAMI DE VERA,-0.358532,39.4924084
10249776028,CAMI DE VERA,-0.3465657,39.4847175
10249776029,CAMI DE VERA,-0.3436628,39.4865856
132029934,CAMI DE VERA,-0.354398,39.4825382
257843505,CAMI DE VERA,-0.3562398,39.4869665
257843506,CAMI DE VERA,-0.3564087,39.4859618
257843508,CAMI DE VERA,-0.35383,39.4856775
257843516,CAMI DE VERA,-0.3540477,39.4843911
257843522,CAMI DE VERA,-0.3551293,39.4858425
257843523,CAMI DE VERA,-0.3557875,39.4859048
257843526,CAMI DE VERA,-0.3539401,39.4850571
257843529,CAMI DE VERA,-0.3568757,39.4870179
257843531,CAMI DE VERA,-0.3576142,39.4870814
3909734331,CAMI DE VERA,-0.3495963,39.4886729
5669495754,CAMI DE VERA,-0.3541825,39.4836071
6879108384,CAMI DE VERA,-0.3544808,39.4857609
9202691825,CAMI DE VERA,-0.3537736,39.48233
29834285,RUSSAFA,-0.3779619,39.4631087
29834286,RUSSAFA,-0.3738342,39.4650129
96029970,RUSSAFA,-0.367228,39.4605643
96029971,RUSSAFA,-0.3728023,39.4582069
96029972,RUSSAFA,-0.3752225,39.4572049
96029973,RUSSAFA,-0.3771529,39.4563878
96029974,RUSSAFA,-0.3792218,39.45551
107246956,RUSSAFA,-0.3623848,39.4626126
107569180,RUSSAFA,-0.3651217,39.4614555
108326495,RUSSAFA,-0.3665239,39.4633648
108326551,RUSSAFA,-0.3649774,39.4630353
108326597,RUSSAFA,-0.3641778,39.4618519
108333506,RUSSAFA,-0.3663517,39.4609403
111179993,RUSSAFA,-0.3739876,39.4576306
111180061,RUSSAFA,-0.3714027,39.4587076
112484740,RUSSAFA,-0.36928,39.4596134
112814840,RUSSAFA,-0.3683006,39.4601201
112814974,RUSSAFA,-0.3630452,39.4622429
112817238,RUSSAFA,-0.3633505,39.4626814
112820771,RUSSAFA,-0.3704011,39.4592354
112821257,RUSSAFA,-0.3787427,39.4612161
113352772,RUSSAFA,-0.3763906,39.4567249
113391506,RUSSAFA,-0.3644146,39.4629128
208141935,RUSSAFA,-0.3785331,39.4616827
255172248,RUSSAFA,-0.3799677,39.4552412
1316020806,RUSSAFA,-0.3672,39.4635158
3906225994,RUSSAFA,-0.3809749,39.4553985
6727043840,RUSSAFA,-0.3681777,39.4636271
6868146245,RUSSAFA,-0.3718036,39.4644121
6868146252,RUSSAFA,-0.371235,39.4642917
6868146264,RUSSAFA,-0.3697353,39.464
10887187731,RUSSAFA,-0.3730975,39.4648001
25767446,RUSSAFA,-0.3759395,39.4672787
34853548,RUSSAFA,-0.3765873,39.4672414
2823683627,RUSSAFA,-0.3774587,39.4645724
2823683639,RUSSAFA,-0.377816,39.4635474
7003280581,RUSSAFA,-0.3744925,39.4660063
7107928786,RUSSAFA,-0.3749331,39.4669866
7699012361,RUSSAFA,-0.3772908,39.4650372
7699012366,RUSSAFA,-0.3768965,39.4662167
